intermediary_name,payer_name,cpt_code,state,allowed_amount,effective_date,provider
Alma,Aetna,90833,AK,$69.20,2026-06-02,
Alma,Aetna,90836,AK,$110.57,2026-06-02,
Alma,Aetna,90838,AK,$130.10,2026-06-02,
Alma,Aetna,99214,AK,$109.90,2026-06-02,
Alma,Aetna,99215,AK,$109.90,2026-06-02,
Headway,Aetna,90833,AK,$71.00,2026-03-27,
Headway,Aetna,90836,AK,$103.00,2026-03-27,
Headway,Aetna,90838,AK,$124.00,2026-03-27,
Headway,Aetna,99214,AK,$109.00,3/27/26,
Headway,Aetna,99215,AK,$118.00,3/27/26,
Grow Therapy,Aetna,90833,AK,$50.37,3/31/26,
Grow Therapy,Aetna,90836,AK,$72.93,3/31/26,
Grow Therapy,Aetna,99214,AK,$77.26,3/31/26,
Grow Therapy,Aetna,99215,AK,$103.75,3/31/26,
Alma,Cigna,90833,AK,$73.00,6/4/26,
Alma,Cigna,90836,AK,$91.00,6/4/26,
Alma,Cigna,90838,AK,$124.00,2026-06-04,
Alma,Cigna,99214,AK,$117.00,6/4/26,
Alma,Cigna,99215,AK,$156.00,6/4/26,
Headway,Cigna,90833,AK,$53.00,3/27/26,
Headway,Cigna,90836,AK,$71.00,3/27/26,
Headway,Cigna,90838,AK,$95.00,3/27/26,
Headway,Cigna,99214,AK,$86.00,3/27/26,
Headway,Cigna,99215,AK,$116.00,3/27/26,
Grow Therapy,Cigna,90833,AK,$47.47,3/31/26,
Grow Therapy,Cigna,90836,AK,$58.02,2026-03-31,
Grow Therapy,Cigna,99214,AK,$78.53,3/31/26,
Grow Therapy,Cigna,99215,AK,$103.73,3/31/26,
Alma,Optum/UHC/Oscar,90833,AK,$73.01,3/31/26,
Alma,Optum/UHC/Oscar,90836,AK,$100.42,3/31/26,
Alma,Optum/UHC/Oscar,90838,AK,$131.87,3/31/26,
Alma,Optum/UHC/Oscar,99214,AK,$109.80,3/31/26,
Alma,Optum/UHC/Oscar,99215,AK,$166.55,3/31/26,
Headway,Optum/UHC/Oscar,90833,AK,$62.46,3/27/26,
Headway,Optum/UHC/Oscar,90836,AK,$78.85,2026-03-27,
Headway,Optum/UHC/Oscar,90838,AK,$103.70,3/27/26,
Headway,Optum/UHC/Oscar,99214,AK,$113.71,3/27/26,
Headway,Optum/UHC/Oscar,99215,AK,$160.41,3/27/26,
Grow Therapy,Optum/UHC/Oscar,90833,AK,$47.46,3/31/26,
Grow Therapy,Optum/UHC/Oscar,90836,AK,$55.00,3/31/26,
Grow Therapy,Optum/UHC/Oscar,99214,AK,$80.17,3/31/26,
Grow Therapy,Optum/UHC/Oscar,99215,AK,$112.23,3/31/26,
SBH,Optum/UHC/Oscar,90833,AK,$64.63,6/29/26,
SBH,Optum/UHC/Oscar,90836,AK,$74.89,2026-06-29,
SBH,Optum/UHC/Oscar,90838,AK,$99.08,6/29/26,
SBH,Optum/UHC/Oscar,99214,AK,$109.17,6/29/26,
SBH,Optum/UHC/Oscar,99215,AK,$152.95,6/29/26,
Alma,BCBS - Massachusetts,90833,AK,$62.26,6/4/26,
Alma,BCBS - Massachusetts,90836,AK,$81.48,6/4/26,
Alma,BCBS - Massachusetts,90838,AK,$104.10,6/4/26,
Alma,BCBS - Massachusetts,99214,AK,$115.08,6/4/26,
Alma,BCBS - Massachusetts,99215,AK,$161.50,6/4/26,
Headway,BCBS - Horizon New Jersey,90833,AK,$71.03,2026-03-30,
Headway,BCBS - Horizon New Jersey,90836,AK,$89.56,3/30/26,
Headway,BCBS - Horizon New Jersey,90838,AK,$118.45,3/30/26,
Headway,BCBS - Horizon New Jersey,99214,AK,$125.55,3/30/26,
Headway,BCBS - Horizon New Jersey,99215,AK,$156.97,3/30/26,
Headway,BCBS - Independence Pennsylvania,90833,AK,$58.50,3/30/26,
Headway,BCBS - Independence Pennsylvania,90836,AK,$70.39,3/30/26,
Headway,BCBS - Independence Pennsylvania,90838,AK,$93.36,3/30/26,
Headway,BCBS - Independence Pennsylvania,99214,AK,$99.98,3/30/26,
Headway,BCBS - Independence Pennsylvania,99215,AK,$140.77,2026-03-30,
Alma,Aetna,90833,AZ,$81.20,6/2/26,
Alma,Aetna,90836,AZ,$117.57,6/2/26,
Alma,Aetna,90838,AZ,$138.10,6/2/26,
Alma,Aetna,99214,AZ,$117.90,6/2/26,
Alma,Aetna,99215,AZ,$117.90,6/2/26,
Headway,Aetna,90833,AZ,$73.00,3/27/26,
Headway,Aetna,90836,AZ,$107.00,3/27/26,
Headway,Aetna,90838,AZ,$129.00,3/27/26,
Headway,Aetna,99214,AZ,$113.00,2026-03-27,
Headway,Aetna,99215,AZ,$122.00,3/27/26,
Grow Therapy,Aetna,90833,AZ,$54.57,3/31/26,
Grow Therapy,Aetna,90836,AZ,$79.01,3/31/26,
Grow Therapy,Aetna,99214,AZ,$83.70,3/31/26,
Grow Therapy,Aetna,99215,AZ,$112.39,3/31/26,
Alma,Cigna,90833,AZ,$73.00,6/4/26,
Alma,Cigna,90836,AZ,$91.00,6/4/26,
Alma,Cigna,90838,AZ,$124.00,6/4/26,
Alma,Cigna,99214,AZ,$117.00,2026-06-04,
Alma,Cigna,99215,AZ,$156.00,6/4/26,
Headway,Cigna,90833,AZ,$59.00,3/27/26,
Headway,Cigna,90836,AZ,$81.00,3/27/26,
Headway,Cigna,90838,AZ,$108.00,3/27/26,
Headway,Cigna,99214,AZ,$98.00,3/27/26,
Headway,Cigna,99215,AZ,$132.00,3/27/26,
Grow Therapy,Cigna,90833,AZ,$52.65,3/31/26,
Grow Therapy,Cigna,90836,AZ,$64.35,3/31/26,
Grow Therapy,Cigna,99214,AZ,$87.10,2026-03-31,
Grow Therapy,Cigna,99215,AZ,$115.05,3/31/26,
Alma,Optum/UHC/Oscar,90833,AZ,$74.01,8/1/25,
Alma,Optum/UHC/Oscar,90836,AZ,$101.42,8/1/25,
Alma,Optum/UHC/Oscar,90838,AZ,$139.87,8/1/25,
Alma,Optum/UHC/Oscar,99214,AZ,$118.80,8/1/25,
Alma,Optum/UHC/Oscar,99215,AZ,$166.55,8/1/25,
Headway,Optum/UHC/Oscar,90833,AZ,$58.87,3/27/26,
Headway,Optum/UHC/Oscar,90836,AZ,$74.31,3/27/26,
Headway,Optum/UHC/Oscar,90838,AZ,$97.47,2026-03-27,
Headway,Optum/UHC/Oscar,99214,AZ,$107.12,3/27/26,
Headway,Optum/UHC/Oscar,99215,AZ,$151.51,3/27/26,
Grow Therapy,Optum/UHC/Oscar,90833,AZ,$52.02,3/31/26,
Grow Therapy,Optum/UHC/Oscar,90836,AZ,$65.68,3/31/26,
Grow Therapy,Optum/UHC/Oscar,99214,AZ,$82.38,3/31/26,
Grow Therapy,Optum/UHC/Oscar,99215,AZ,$111.10,3/31/26,
SBH,Optum/UHC/Oscar,90833,AZ,$64.63,6/29/26,
SBH,Optum/UHC/Oscar,90836,AZ,$74.89,6/29/26,
SBH,Optum/UHC/Oscar,90838,AZ,$99.08,2026-06-29,
SBH,Optum/UHC/Oscar,99214,AZ,$109.17,6/29/26,
SBH,Optum/UHC/Oscar,99215,AZ,$152.95,6/29/26,
Headway,BCBS - Arizona,90833,AZ,$62.00,3/30/26,
Headway,BCBS - Arizona,90836,AZ,$93.00,3/30/26,
Headway,BCBS - Arizona,90838,AZ,$123.00,3/30/26,
Headway,BCBS - Arizona,99214,AZ,$88.00,3/30/26,
Headway,BCBS - Arizona,99215,AZ,$123.00,3/30/26,
Alma,BCBS - Massachusetts,90833,AZ,$62.26,6/4/26,
Alma,BCBS - Massachusetts,90836,AZ,$81.48,2026-06-04,
Alma,BCBS - Massachusetts,90838,AZ,$104.10,6/4/26,
Alma,BCBS - Massachusetts,99214,AZ,$115.08,6/4/26,
Alma,BCBS - Massachusetts,99215,AZ,$161.50,6/4/26,
Alma,Aetna,90833,CO,$81.20,6/2/26,
Alma,Aetna,90836,CO,$117.57,6/2/26,
Alma,Aetna,90838,CO,$138.10,6/2/26,
Alma,Aetna,99214,CO,$117.90,6/2/26,
Alma,Aetna,99215,CO,$117.90,6/2/26,
Headway,Aetna,90833,CO,$88.46,2026-03-27,
Headway,Aetna,90836,CO,$117.57,3/27/26,
Headway,Aetna,90838,CO,$138.10,3/27/26,
Headway,Aetna,99214,CO,$117.90,3/27/26,
Headway,Aetna,99215,CO,$129.48,3/27/26,
Grow Therapy,Aetna,90833,CO,$54.57,3/31/26,
Grow Therapy,Aetna,90836,CO,$79.01,3/31/26,
Grow Therapy,Aetna,99214,CO,$83.70,3/31/26,
Grow Therapy,Aetna,99215,CO,$112.39,3/31/26,
Alma,Cigna,90833,CO,$73.00,2026-06-04,
Alma,Cigna,90836,CO,$91.00,6/4/26,
Alma,Cigna,90838,CO,$124.00,6/4/26,
Alma,Cigna,99214,CO,$117.90,6/4/26,
Alma,Cigna,99215,CO,$156.00,6/4/26,
Headway,Cigna,90833,CO,$59.00,3/27/26,
Headway,Cigna,90836,CO,$80.00,3/27/26,
Headway,Cigna,90838,CO,$107.00,3/27/26,
Headway,Cigna,99214,CO,$97.00,3/27/26,
Headway,Cigna,99215,CO,$131.00,2026-03-27,
Grow Therapy,Cigna,90833,CO,$52.65,3/31/26,
Grow Therapy,Cigna,90836,CO,$64.35,3/31/26,
Grow Therapy,Cigna,99214,CO,$87.10,3/31/26,
Grow Therapy,Cigna,99215,CO,$115.05,3/31/26,
Alma,Optum/UHC/Oscar,90833,CO,$74.01,8/1/25,
Alma,Optum/UHC/Oscar,90836,CO,$101.42,8/1/25,
Alma,Optum/UHC/Oscar,90838,CO,$139.87,8/1/25,
Alma,Optum/UHC/Oscar,99214,CO,$118.80,8/1/25,
Alma,Optum/UHC/Oscar,99215,CO,$166.55,2025-08-01,
Headway,Optum/UHC/Oscar,90833,CO,$64.40,3/27/26,
Headway,Optum/UHC/Oscar,90836,CO,$76.16,3/27/26,
Headway,Optum/UHC/Oscar,90838,CO,$106.00,3/27/26,
Headway,Optum/UHC/Oscar,99214,CO,$106.00,3/27/26,
Headway,Optum/UHC/Oscar,99215,CO,$140.00,3/27/26,
Grow Therapy,Optum/UHC/Oscar,90833,CO,$52.02,3/31/26,
Grow Therapy,Optum/UHC/Oscar,90836,CO,$65.58,3/31/26,
Grow Therapy,Optum/UHC/Oscar,99214,CO,$82.38,3/31/26,
Grow Therapy,Optum/UHC/Oscar,99215,CO,$111.10,2026-03-31,
SBH,Optum/UHC/Oscar,90833,CO,$64.63,6/29/26,
SBH,Optum/UHC/Oscar,90836,CO,$74.89,6/29/26,
SBH,Optum/UHC/Oscar,90838,CO,$99.08,6/29/26,
SBH,Optum/UHC/Oscar,99214,CO,$109.17,6/29/26,
SBH,Optum/UHC/Oscar,99215,CO,$152.95,6/29/26,
Alma,BCBS - Anthem Colorado,90833,CO,$58.85,6/4/26,
Alma,BCBS - Anthem Colorado,90836,CO,$74.39,6/4/26,
Alma,BCBS - Anthem Colorado,90838,CO,$98.63,6/4/26,
Alma,BCBS - Anthem Colorado,99214,CO,$104.90,2026-06-04,
Alma,BCBS - Anthem Colorado,99215,CO,$147.68,6/4/26,
Headway,BCBS - Anthem Colorado,90833,CO,$67.00,3/30/26,
Headway,BCBS - Anthem Colorado,90836,CO,$107.00,3/30/26,
Headway,BCBS - Anthem Colorado,90838,CO,$146.00,3/30/26,
Headway,BCBS - Anthem Colorado,99214,CO,$105.00,3/30/26,
Headway,BCBS - Anthem Colorado,99215,CO,$141.00,3/30/26,
Alma,Aetna,90833,CT,$81.20,6/2/26,
Alma,Aetna,90836,CT,$117.57,6/2/26,
Alma,Aetna,90838,CT,$138.10,2026-06-02,
Alma,Aetna,99214,CT,$117.90,6/2/26,
Alma,Aetna,99215,CT,$117.90,6/2/26,
Grow Therapy,Aetna,90833,CT,$54.57,3/31/26,
Grow Therapy,Aetna,90836,CT,$79.01,3/31/26,
Grow Therapy,Aetna,99214,CT,$83.70,3/31/26,
Grow Therapy,Aetna,99215,CT,$112.39,3/31/26,
Alma,Cigna,90833,CT,$73.00,6/4/26,
Alma,Cigna,90836,CT,$91.00,6/4/26,
Alma,Cigna,90838,CT,$124.00,2026-06-04,
Alma,Cigna,99214,CT,$117.00,6/4/26,
Alma,Cigna,99215,CT,$156.00,6/4/26,
Grow Therapy,Cigna,90833,CT,$52.65,3/31/26,
Grow Therapy,Cigna,90836,CT,$64.35,3/31/26,
Grow Therapy,Cigna,99214,CT,$87.10,3/31/26,
Grow Therapy,Cigna,99215,CT,$115.05,3/31/26,
Grow Therapy,Optum/UHC/Oscar,90833,CT,$50.90,3/31/26,
Grow Therapy,Optum/UHC/Oscar,90836,CT,$64.15,3/31/26,
Grow Therapy,Optum/UHC/Oscar,99214,CT,$80.58,2026-03-31,
Grow Therapy,Optum/UHC/Oscar,99215,CT,$108.68,3/31/26,
SBH,Optum/UHC/Oscar,90833,CT,$64.63,6/29/26,
SBH,Optum/UHC/Oscar,90836,CT,$74.89,6/29/26,
SBH,Optum/UHC/Oscar,90838,CT,$99.08,6/29/26,
SBH,Optum/UHC/Oscar,99214,CT,$109.17,6/29/26,
SBH,Optum/UHC/Oscar,99215,CT,$152.95,6/29/26,
Alma,BCBS - Anthem Connecticut,90833,CT,$58.85,6/4/26,
Alma,BCBS - Anthem Connecticut,90836,CT,$74.39,6/4/26,
Alma,BCBS - Anthem Connecticut,90838,CT,$98.63,2026-06-04,
Alma,BCBS - Anthem Connecticut,99214,CT,$104.90,6/4/26,
Alma,BCBS - Anthem Connecticut,99215,CT,$147.68,6/4/26,
Alma,Aetna,90833,DC,$81.20,6/2/26,
Alma,Aetna,90836,DC,$117.57,6/2/26,
Alma,Aetna,90838,DC,$138.10,6/2/26,
Alma,Aetna,99214,DC,$117.90,6/2/26,
Alma,Aetna,99215,DC,$117.90,6/2/26,
Headway,Aetna,90833,DC,$88.46,3/27/26,
Headway,Aetna,90836,DC,$117.57,2026-03-27,
Headway,Aetna,90838,DC,$138.10,3/27/26,
Headway,Aetna,99214,DC,$117.90,3/27/26,
Headway,Aetna,99215,DC,$129.48,3/27/26,
Grow Therapy,Aetna,90833,DC,$54.57,3/31/26,
Grow Therapy,Aetna,90836,DC,$79.01,3/31/26,
Grow Therapy,Aetna,99214,DC,$83.70,3/31/26,
Grow Therapy,Aetna,99215,DC,$112.39,3/31/26,
SBH,Aetna,90838,DC,$101.21,,
SBH,Aetna,99214,DC,$94.76,,
Alma,Cigna,90833,DC,$73.00,6/4/26,
Alma,Cigna,90836,DC,$91.00,6/4/26,
Alma,Cigna,90838,DC,$124.00,6/4/26,
Alma,Cigna,99214,DC,$117.00,6/4/26,
Alma,Cigna,99215,DC,$156.00,6/4/26,
Headway,Cigna,90833,DC,$59.00,3/31/26,
Headway,Cigna,90836,DC,$80.00,3/31/26,
Headway,Cigna,90838,DC,$107.00,3/31/26,
Headway,Cigna,99214,DC,$97.00,2026-03-31,
Headway,Cigna,99215,DC,$131.00,3/31/26,
Grow Therapy,Cigna,90833,DC,$52.65,3/31/26,
Grow Therapy,Cigna,90836,DC,$64.35,3/31/26,
Grow Therapy,Cigna,99214,DC,$87.10,3/31/26,
Grow Therapy,Cigna,99215,DC,$115.05,3/31/26,
Alma,Optum/UHC/Oscar,90833,DC,$74.01,5/28/25,
Alma,Optum/UHC/Oscar,90836,DC,$101.42,5/28/25,
Alma,Optum/UHC/Oscar,90838,DC,$139.87,5/28/25,
Alma,Optum/UHC/Oscar,99214,DC,$118.80,2025-05-28,
Alma,Optum/UHC/Oscar,99215,DC,$166.55,5/28/25,
Headway,Optum/UHC/Oscar,90833,DC,$57.00,3/27/26,
Headway,Optum/UHC/Oscar,90836,DC,$72.00,3/27/26,
Headway,Optum/UHC/Oscar,90838,DC,$94.00,3/27/26,
Headway,Optum/UHC/Oscar,99214,DC,$103.00,3/27/26,
Headway,Optum/UHC/Oscar,99215,DC,$146.00,3/27/26,
Grow Therapy,Optum/UHC/Oscar,90833,DC,$50.90,3/31/26,
Grow Therapy,Optum/UHC/Oscar,90836,DC,$64.15,3/31/26,
Grow Therapy,Optum/UHC/Oscar,99214,DC,$80.58,2026-03-31,
Grow Therapy,Optum/UHC/Oscar,99215,DC,$108.68,3/31/26,
SBH,Optum/UHC/Oscar,90833,DC,$64.63,6/29/26,
SBH,Optum/UHC/Oscar,90836,DC,$74.89,6/29/26,
SBH,Optum/UHC/Oscar,90838,DC,$99.08,6/29/26,
SBH,Optum/UHC/Oscar,99214,DC,$109.17,6/29/26,
SBH,Optum/UHC/Oscar,99215,DC,$152.95,6/29/26,
Alma,Aetna,90833,FL,$69.20,6/2/26,
Alma,Aetna,90836,FL,$110.57,6/2/26,
Alma,Aetna,90838,FL,$130.10,2026-06-02,
Alma,Aetna,99214,FL,$109.90,2026-06-02,
Alma,Aetna,99215,FL,$109.90,6/2/26,
Headway,Aetna,90833,FL,$88.46,3/27/26,
Headway,Aetna,90836,FL,$117.57,3/27/26,
Headway,Aetna,90838,FL,$138.10,3/27/26,
Headway,Aetna,99214,FL,$117.90,3/27/26,
Headway,Aetna,99215,FL,$129.48,3/27/26,
Grow Therapy,Aetna,90833,FL,$54.57,3/31/26,
Grow Therapy,Aetna,90836,FL,$79.01,3/31/26,
Grow Therapy,Aetna,99214,FL,$83.70,2026-03-31,
Grow Therapy,Aetna,99215,FL,$112.39,3/31/26,
SBH,Aetna,90833,FL,$60.78,3/4/26,
SBH,Aetna,90836,FL,$76.51,3/4/26,
SBH,Aetna,90838,FL,$101.21,3/4/26,
SBH,Aetna,99214,FL,$94.76,3/4/26,
SBH,Aetna,99215,FL,$128.13,3/4/26,
Alma,Cigna,90833,FL,$73.00,6/4/26,
Alma,Cigna,90836,FL,$91.00,6/4/26,
Alma,Cigna,90838,FL,$124.00,2026-06-04,
Alma,Cigna,99214,FL,$117.00,6/4/26,
Alma,Cigna,99215,FL,$156.00,6/4/26,
Headway,Cigna,90833,FL,$59.00,3/27/26,
Headway,Cigna,90836,FL,$80.00,3/27/26,
Headway,Cigna,90838,FL,$107.00,3/27/26,
Headway,Cigna,99214,FL,$97.00,3/27/26,
Headway,Cigna,99215,FL,$131.00,3/27/26,
Grow Therapy,Cigna,90833,FL,$52.65,3/31/26,
Grow Therapy,Cigna,90836,FL,$64.35,2026-03-31,
Grow Therapy,Cigna,99214,FL,$87.10,3/31/26,
Grow Therapy,Cigna,99215,FL,$115.05,3/31/26,
SBH,Cigna,90833,FL,$38.00,5/29/25,
SBH,Cigna,90836,FL,$62.00,5/29/25,
SBH,Cigna,90838,FL,$101.00,5/29/25,
SBH,Cigna,99214,FL,$80.56,5/29/25,
SBH,Cigna,99215,FL,$117.66,5/29/25,
Alma,Optum/UHC/Oscar,90833,FL,$76.14,8/1/25,
Alma,Optum/UHC/Oscar,90836,FL,$104.34,2025-08-01,
Alma,Optum/UHC/Oscar,90838,FL,$143.91,8/1/25,
Alma,Optum/UHC/Oscar,99214,FL,$122.22,8/1/25,
Alma,Optum/UHC/Oscar,99215,FL,$171.35,8/1/25,
Headway,Optum/UHC/Oscar,90833,FL,$62.73,3/27/26,
Headway,Optum/UHC/Oscar,90836,FL,$73.49,3/27/26,
Headway,Optum/UHC/Oscar,90838,FL,$102.29,3/27/26,
Headway,Optum/UHC/Oscar,99214,FL,$99.40,3/27/26,
Headway,Optum/UHC/Oscar,99215,FL,$135.10,3/27/26,
Grow Therapy,Optum/UHC/Oscar,90833,FL,$54.29,2026-03-31,
Grow Therapy,Optum/UHC/Oscar,90836,FL,$68.42,3/31/26,
Grow Therapy,Optum/UHC/Oscar,99214,FL,$85.95,3/31/26,
Grow Therapy,Optum/UHC/Oscar,99215,FL,$115.93,3/31/26,
SBH,Optum/UHC/Oscar,90833,FL,$64.63,6/29/26,
SBH,Optum/UHC/Oscar,90836,FL,$74.89,6/29/26,
SBH,Optum/UHC/Oscar,90838,FL,$99.08,6/29/26,
SBH,Optum/UHC/Oscar,99214,FL,$109.17,6/29/26,
SBH,Optum/UHC/Oscar,99215,FL,$152.95,6/29/26,
Headway,BCBS - Florida Blue,90833,FL,$52.63,2026-03-30,
Headway,BCBS - Florida Blue,90836,FL,$64.91,3/30/26,
Headway,BCBS - Florida Blue,90838,FL,$86.22,3/30/26,
Headway,BCBS - Florida Blue,99214,FL,$93.00,3/30/26,
Headway,BCBS - Florida Blue,99215,FL,$131.62,3/30/26,
Headway,BCBS - Florida Blue,90833,FL,$59.00,3/30/26,
Headway,BCBS - Florida Blue,90836,FL,$64.91,3/30/26,
Headway,BCBS - Florida Blue,90838,FL,$86.22,3/30/26,
Headway,BCBS - Florida Blue,99214,FL,$93.00,3/30/26,
Headway,BCBS - Florida Blue,99215,FL,$131.62,2026-03-30,
Alma,BCBS - Massachusetts,90833,FL,$62.26,6/4/26,
Alma,BCBS - Massachusetts,90836,FL,$81.48,6/4/26,
Alma,BCBS - Massachusetts,90838,FL,$104.10,6/4/26,
Alma,BCBS - Massachusetts,99214,FL,$115.08,6/4/26,
Alma,BCBS - Massachusetts,99215,FL,$161.50,6/4/26,
SBH,BCBS - Massachusetts,90833,FL,$65.36,8/1/25,
SBH,BCBS - Massachusetts,90836,FL,$82.65,8/1/25,
SBH,BCBS - Massachusetts,90838,FL,$109.60,8/1/25,
SBH,BCBS - Massachusetts,99214,FL,$108.02,2025-08-01,
SBH,BCBS - Massachusetts,99215,FL,$153.50,8/1/25,
Headway,BCBS - Anthem Indiana,90833,FL,$51.58,6/23/26,
Headway,BCBS - Anthem Indiana,90836,FL,$64.91,6/23/26,
Headway,BCBS - Anthem Indiana,90838,FL,$86.22,6/23/26,
Headway,BCBS - Anthem Indiana,99214,FL,$93.00,6/23/26,
Headway,BCBS - Anthem Indiana,99215,FL,$131.62,6/23/26,
Headway,BCBS - Horizon New Jersey,90833,FL,$51.58,3/30/26,
Headway,BCBS - Horizon New Jersey,90836,FL,$89.56,3/30/26,
Headway,BCBS - Horizon New Jersey,90838,FL,$118.45,2026-03-30,
Headway,BCBS - Horizon New Jersey,99214,FL,$125.55,3/30/26,
Headway,BCBS - Horizon New Jersey,99215,FL,$156.97,3/30/26,
Headway,BCBS - Independence Pennsylvania,90833,FL,$71.03,3/30/26,
Headway,BCBS - Independence Pennsylvania,90836,FL,$70.39,3/30/26,
Headway,BCBS - Independence Pennsylvania,90838,FL,$93.36,3/30/26,
Headway,BCBS - Independence Pennsylvania,99214,FL,$99.98,3/30/26,
Headway,BCBS - Independence Pennsylvania,99215,FL,$140.77,3/30/26,
Alma,Aetna,90833,HI,$69.20,6/2/26,
Alma,Aetna,90836,HI,$110.57,2026-06-02,
Alma,Aetna,90838,HI,$130.10,6/2/26,
Alma,Aetna,99214,HI,$109.90,6/2/26,
Alma,Aetna,99215,HI,$109.90,6/2/26,
Grow Therapy,Aetna,90833,HI,$54.57,3/31/26,
Grow Therapy,Aetna,90836,HI,$79.01,3/31/26,
Grow Therapy,Aetna,99214,HI,$83.70,3/31/26,
Grow Therapy,Aetna,99215,HI,$112.39,3/31/26,
Alma,Cigna,90833,HI,$73.00,6/4/26,
Alma,Cigna,90836,HI,$91.00,2026-06-04,
Alma,Cigna,90838,HI,$124.00,6/4/26,
Alma,Cigna,99214,HI,$117.00,6/4/26,
Alma,Cigna,99215,HI,$156.00,6/4/26,
Grow Therapy,Cigna,90833,HI,$52.65,3/31/26,
Grow Therapy,Cigna,90836,HI,$64.35,3/31/26,
Grow Therapy,Cigna,99214,HI,$87.10,3/31/26,
Grow Therapy,Cigna,99215,HI,$115.05,3/31/26,
Alma,Optum/UHC/Oscar,90833,HI,$73.01,5/28/25,
Alma,Optum/UHC/Oscar,90836,HI,$100.42,2025-05-28,
Alma,Optum/UHC/Oscar,90838,HI,$131.87,5/28/25,
Alma,Optum/UHC/Oscar,99214,HI,$109.80,5/28/25,
Alma,Optum/UHC/Oscar,99215,HI,$166.55,5/28/25,
Grow Therapy,Optum/UHC/Oscar,90833,HI,$52.02,3/31/26,
Grow Therapy,Optum/UHC/Oscar,90836,HI,$65.58,3/31/26,
Grow Therapy,Optum/UHC/Oscar,99214,HI,$82.38,3/31/26,
Grow Therapy,Optum/UHC/Oscar,99215,HI,$111.10,3/31/26,
SBH,Optum/UHC/Oscar,90833,HI,$64.63,6/29/26,
SBH,Optum/UHC/Oscar,90836,HI,$74.89,2026-06-29,
SBH,Optum/UHC/Oscar,90838,HI,$99.08,6/29/26,
SBH,Optum/UHC/Oscar,99214,HI,$109.17,6/29/26,
SBH,Optum/UHC/Oscar,99215,HI,$152.95,6/29/26,
Alma,Aetna,90833,IA,$69.20,6/2/26,
Alma,Aetna,90836,IA,$110.57,6/2/26,
Alma,Aetna,90838,IA,$130.10,6/2/26,
Alma,Aetna,99214,IA,$109.90,6/2/26,
Alma,Aetna,99215,IA,$109.90,6/2/26,
Headway,Aetna,90833,IA,$71.00,2026-03-27,
Headway,Aetna,90836,IA,$103.00,3/27/26,
Headway,Aetna,90838,IA,$124.00,3/27/26,
Headway,Aetna,99214,IA,$109.00,3/27/26,
Headway,Aetna,99215,IA,$118.00,3/27/26,
Grow Therapy,Aetna,90833,IA,$54.57,3/31/26,
Grow Therapy,Aetna,90836,IA,$79.01,3/31/26,
Grow Therapy,Aetna,99214,IA,$83.70,3/31/26,
Grow Therapy,Aetna,99215,IA,$112.39,3/31/26,
Alma,Cigna,90833,IA,$73.00,2026-06-04,
Alma,Cigna,90836,IA,$91.00,6/4/26,
Alma,Cigna,90838,IA,$124.00,6/4/26,
Alma,Cigna,99214,IA,$117.00,6/4/26,
Alma,Cigna,99215,IA,$156.00,6/4/26,
Headway,Cigna,90833,IA,$53.00,3/27/26,
Headway,Cigna,90836,IA,$71.00,3/27/26,
Headway,Cigna,90838,IA,$95.00,3/27/26,
Headway,Cigna,99214,IA,$86.00,3/27/26,
Headway,Cigna,99215,IA,$116.00,2026-03-27,
Grow Therapy,Cigna,90833,IA,$52.65,3/31/29,
Grow Therapy,Cigna,90836,IA,$64.35,3/31/29,
Grow Therapy,Cigna,99214,IA,$87.10,3/31/29,
Grow Therapy,Cigna,99215,IA,$115.05,3/31/29,
Alma,Optum/UHC/Oscar,90833,IA,$74.01,5/28/25,
Alma,Optum/UHC/Oscar,90836,IA,$101.42,5/28/25,
Alma,Optum/UHC/Oscar,90838,IA,$139.87,5/28/25,
Alma,Optum/UHC/Oscar,99214,IA,$118.80,5/28/25,
Alma,Optum/UHC/Oscar,99215,IA,$166.55,2025-05-28,
Headway,Optum/UHC/Oscar,90833,IA,$62.46,3/27/26,
Headway,Optum/UHC/Oscar,90836,IA,$78.85,3/27/26,
Headway,Optum/UHC/Oscar,90838,IA,$103.70,3/27/26,
Headway,Optum/UHC/Oscar,99214,IA,$113.71,3/27/26,
Headway,Optum/UHC/Oscar,99215,IA,$160.41,3/27/26,
Grow Therapy,Optum/UHC/Oscar,90833,IA,$52.02,3/31/26,
Grow Therapy,Optum/UHC/Oscar,90836,IA,$65.58,3/31/26,
Grow Therapy,Optum/UHC/Oscar,99214,IA,$82.38,3/31/26,
Grow Therapy,Optum/UHC/Oscar,99215,IA,$111.10,2026-03-31,
SBH,Optum/UHC/Oscar,90833,IA,$64.63,6/29/26,
SBH,Optum/UHC/Oscar,90836,IA,$74.89,6/29/26,
SBH,Optum/UHC/Oscar,90838,IA,$99.08,6/29/26,
SBH,Optum/UHC/Oscar,99214,IA,$109.17,6/29/26,
SBH,Optum/UHC/Oscar,99215,IA,$152.95,6/29/26,
Alma,BCBS - Massachusetts,90833,IA,$62.26,6/4/26,
Alma,BCBS - Massachusetts,90836,IA,$81.48,6/4/26,
Alma,BCBS - Massachusetts,90838,IA,$104.10,6/4/26,
Alma,BCBS - Massachusetts,99214,IA,$115.08,2026-06-04,
Alma,BCBS - Massachusetts,99215,IA,$161.50,6/4/26,
SBH,BCBS - Massachusetts,90833,IA,$77.20,,
SBH,BCBS - Massachusetts,99214,IA,$155.80,,
SBH,BCBS - Wellmark Iowa,90833,IA,$91.78,,
SBH,BCBS - Wellmark Iowa,90836,IA,$103.70,,
SBH,BCBS - Wellmark Iowa,99214,IA,$155.70,,
Alma,Aetna,90833,ID,$69.20,4/17/26,
Alma,Aetna,90836,ID,$110.57,4/17/26,
Alma,Aetna,90838,ID,$130.10,2026-04-17,
Alma,Aetna,99214,ID,$109.90,4/17/26,
Alma,Aetna,99215,ID,$129.48,4/17/26,
Grow Therapy,Aetna,90833,ID,$54.57,3/31/26,
Grow Therapy,Aetna,90836,ID,$79.01,3/31/26,
Grow Therapy,Aetna,99214,ID,$83.70,3/31/26,
Grow Therapy,Aetna,99215,ID,$112.39,3/31/26,
Alma,Cigna,90833,ID,$73.00,4/17/26,
Alma,Cigna,90836,ID,$91.00,4/17/26,
Alma,Cigna,90838,ID,$124.00,2026-04-17,
Alma,Cigna,99214,ID,$117.00,4/17/26,
Alma,Cigna,99215,ID,$156.00,4/17/26,
Grow Therapy,Cigna,90833,ID,$52.65,3/31/26,
Grow Therapy,Cigna,90836,ID,$64.35,3/31/26,
Grow Therapy,Cigna,99214,ID,$87.10,3/31/26,
Grow Therapy,Cigna,99215,ID,$115.05,3/31/26,
Alma,Optum/UHC/Oscar,90833,ID,$73.01,5/28/25,
Alma,Optum/UHC/Oscar,90836,ID,$100.42,5/28/25,
Alma,Optum/UHC/Oscar,90838,ID,$131.87,2025-05-28,
Alma,Optum/UHC/Oscar,99214,ID,$109.80,5/28/25,
Alma,Optum/UHC/Oscar,99215,ID,$166.55,5/28/25,
Grow Therapy,Optum/UHC/Oscar,90833,ID,$52.02,3/31/26,
Grow Therapy,Optum/UHC/Oscar,90836,ID,$65.68,3/31/26,
Grow Therapy,Optum/UHC/Oscar,99214,ID,$82.38,3/31/26,
Grow Therapy,Optum/UHC/Oscar,99215,ID,$111.10,3/31/26,
SBH,Optum/UHC/Oscar,90833,ID,$64.63,6/29/26,
SBH,Optum/UHC/Oscar,90836,ID,$74.89,6/29/26,
SBH,Optum/UHC/Oscar,90838,ID,$99.08,2026-06-29,
SBH,Optum/UHC/Oscar,99214,ID,$109.17,6/29/26,
SBH,Optum/UHC/Oscar,99215,ID,$152.95,6/29/26,
Alma,Aetna,90833,MD,$81.20,6/2/26,
Alma,Aetna,90836,MD,$117.57,6/2/26,
Alma,Aetna,90838,MD,$138.10,6/2/26,
Alma,Aetna,99214,MD,$117.90,6/2/26,
Alma,Aetna,99215,MD,$117.90,6/2/26,
Headway,Aetna,90833,MD,$88.46,3/27/26,
Headway,Aetna,90836,MD,$117.57,2026-03-27,
Headway,Aetna,90838,MD,$138.10,3/27/26,
Headway,Aetna,99214,MD,$117.90,3/27/26,
Headway,Aetna,99215,MD,$129.48,3/27/26,
Grow Therapy,Aetna,90833,MD,$54.57,3/31/26,
Grow Therapy,Aetna,90836,MD,$79.01,3/31/26,
Grow Therapy,Aetna,99214,MD,$83.70,3/31/26,
Grow Therapy,Aetna,99215,MD,$112.39,3/31/26,
Alma,Cigna,90833,MD,$73.00,6/4/26,
Alma,Cigna,90836,MD,$91.00,2026-06-04,
Alma,Cigna,90838,MD,$124.00,6/4/26,
Alma,Cigna,99214,MD,$117.00,6/4/26,
Alma,Cigna,99215,MD,$156.00,6/4/26,
Headway,Cigna,90833,MD,$59.00,3/27/26,
Headway,Cigna,90836,MD,$80.00,3/27/26,
Headway,Cigna,90838,MD,$107.00,3/27/26,
Headway,Cigna,99214,MD,$97.00,3/27/26,
Headway,Cigna,99215,MD,$131.00,3/27/26,
Grow Therapy,Cigna,90833,MD,$52.65,2026-03-31,
Grow Therapy,Cigna,90836,MD,$64.35,3/31/26,
Grow Therapy,Cigna,99214,MD,$87.10,3/31/26,
Grow Therapy,Cigna,99215,MD,$115.05,3/31/26,
Alma,Optum/UHC/Oscar,90833,MD,$74.01,5/28/25,
Alma,Optum/UHC/Oscar,90836,MD,$101.42,5/28/25,
Alma,Optum/UHC/Oscar,90838,MD,$139.87,5/28/25,
Alma,Optum/UHC/Oscar,99214,MD,$118.80,5/28/25,
Alma,Optum/UHC/Oscar,99215,MD,$166.55,5/28/25,
Headway,Optum/UHC/Oscar,90833,MD,$57.00,2026-03-27,
Headway,Optum/UHC/Oscar,90836,MD,$72.00,3/27/26,
Headway,Optum/UHC/Oscar,90838,MD,$94.00,3/27/26,
Headway,Optum/UHC/Oscar,99214,MD,$103.00,3/27/26,
Headway,Optum/UHC/Oscar,99215,MD,$146.00,3/27/26,
Grow Therapy,Optum/UHC/Oscar,90833,MD,$50.90,3/31/26,
Grow Therapy,Optum/UHC/Oscar,90836,MD,$71.68,3/31/26,
Grow Therapy,Optum/UHC/Oscar,99214,MD,$80.58,3/31/26,
Grow Therapy,Optum/UHC/Oscar,99215,MD,$108.68,3/31/26,
SBH,Optum/UHC/Oscar,90833,MD,$64.63,2026-06-29,
SBH,Optum/UHC/Oscar,90836,MD,$74.89,6/29/26,
SBH,Optum/UHC/Oscar,90838,MD,$99.08,6/29/26,
SBH,Optum/UHC/Oscar,99214,MD,$109.17,6/29/26,
SBH,Optum/UHC/Oscar,99215,MD,$152.95,6/29/26,
Alma,Aetna,90833,MN,$81.20,6/2/26,
Alma,Aetna,90836,MN,$117.57,6/2/26,
Alma,Aetna,90838,MN,$138.10,6/2/26,
Alma,Aetna,99214,MN,$117.90,6/2/26,
Alma,Aetna,99215,MN,$117.90,2026-06-02,
Headway,Aetna,90833,MN,$71.00,3/27/26,
Headway,Aetna,90836,MN,$103.00,3/27/26,
Headway,Aetna,90838,MN,$124.00,3/27/26,
Headway,Aetna,99214,MN,$109.00,3/27/26,
Headway,Aetna,99215,MN,$118.00,3/27/26,
Grow Therapy,Aetna,90833,MN,$54.57,3/31/26,
Grow Therapy,Aetna,90836,MN,$79.01,3/31/26,
Grow Therapy,Aetna,99214,MN,$83.70,3/31/26,
Grow Therapy,Aetna,99215,MN,$112.39,2026-03-31,
SBH,Aetna,90838,MN,$101.21,,
SBH,Aetna,99214,MN,$94.76,,
Alma,Cigna,90833,MN,$73.00,6/4/26,
Alma,Cigna,90836,MN,$91.00,6/4/26,
Alma,Cigna,90838,MN,$124.00,6/4/26,
Alma,Cigna,99214,MN,$117.00,6/4/26,
Alma,Cigna,99215,MN,$156.00,6/4/26,
Headway,Cigna,90833,MN,$49.00,3/30/26,
Headway,Cigna,90836,MN,$67.00,2026-03-30,
Headway,Cigna,90838,MN,$89.00,3/30/26,
Headway,Cigna,99214,MN,$81.00,3/30/26,
Headway,Cigna,99215,MN,$109.00,3/30/26,
Grow Therapy,Cigna,90833,MN,$52.65,3/31/26,
Grow Therapy,Cigna,90836,MN,$64.35,3/31/26,
Grow Therapy,Cigna,99214,MN,$87.10,3/31/26,
Grow Therapy,Cigna,99215,MN,$115.05,3/31/26,
Alma,Optum/UHC/Oscar,90833,MN,$74.01,5/28/25,
Alma,Optum/UHC/Oscar,90836,MN,$101.42,2025-05-28,
Alma,Optum/UHC/Oscar,90838,MN,$139.87,5/28/25,
Alma,Optum/UHC/Oscar,99214,MN,$118.80,5/28/25,
Alma,Optum/UHC/Oscar,99215,MN,$166.55,5/28/25,
Headway,Optum/UHC/Oscar,90833,MN,$58.87,3/27/26,
Headway,Optum/UHC/Oscar,90836,MN,$73.34,3/27/26,
Headway,Optum/UHC/Oscar,90838,MN,$97.47,3/27/26,
Headway,Optum/UHC/Oscar,99214,MN,$106.15,3/27/26,
Headway,Optum/UHC/Oscar,99215,MN,$150.54,3/27/26,
Grow Therapy,Optum/UHC/Oscar,90833,MN,$52.02,2026-03-31,
Grow Therapy,Optum/UHC/Oscar,90836,MN,$65.68,3/31/26,
Grow Therapy,Optum/UHC/Oscar,99214,MN,$82.38,3/31/26,
Grow Therapy,Optum/UHC/Oscar,99215,MN,$111.10,3/31/26,
SBH,Optum/UHC/Oscar,90833,MN,$64.63,6/29/26,
SBH,Optum/UHC/Oscar,90836,MN,$74.89,6/29/26,
SBH,Optum/UHC/Oscar,90838,MN,$99.08,6/29/26,
SBH,Optum/UHC/Oscar,99214,MN,$109.17,6/29/26,
SBH,Optum/UHC/Oscar,99215,MN,$152.95,6/29/26,
Alma,BCBS - Massachusetts,90833,MN,$62.26,2026-06-04,
Alma,BCBS - Massachusetts,90836,MN,$81.48,6/4/26,
Alma,BCBS - Massachusetts,90838,MN,$104.10,6/4/26,
Alma,BCBS - Massachusetts,99214,MN,$115.08,6/4/26,
Alma,BCBS - Massachusetts,99215,MN,$161.50,6/4/26,
Headway,BCBS - Minnesota,90833,MN,$80.14,3/30/26,
Headway,BCBS - Minnesota,90836,MN,$102.18,3/30/26,
Headway,BCBS - Minnesota,90838,MN,$135.84,3/30/26,
Headway,BCBS - Minnesota,99214,MN,$149.86,3/30/26,
Headway,BCBS - Minnesota,99215,MN,$210.76,2026-03-30,
Alma,Aetna,90833,MT,$69.20,6/2/26,
Alma,Aetna,90836,MT,$110.57,6/2/26,
Alma,Aetna,90838,MT,$130.10,6/2/26,
Alma,Aetna,99214,MT,$109.90,6/2/26,
Alma,Aetna,99215,MT,$109.90,6/2/26,
Headway,Aetna,90833,MT,$71.00,3/27/26,
Headway,Aetna,90836,MT,$103.00,3/27/26,
Headway,Aetna,90838,MT,$124.00,3/27/26,
Headway,Aetna,99214,MT,$109.00,2026-03-27,
Headway,Aetna,99215,MT,$118.00,3/27/26,
Grow Therapy,Aetna,90833,MT,$54.57,3/31/26,
Grow Therapy,Aetna,90836,MT,$79.01,3/31/26,
Grow Therapy,Aetna,99214,MT,$83.70,3/31/26,
Grow Therapy,Aetna,99215,MT,$112.39,3/31/26,
Alma,Cigna,90833,MT,$73.00,6/4/26,
Alma,Cigna,90836,MT,$91.00,6/4/26,
Alma,Cigna,90838,MT,$124.00,6/4/26,
Alma,Cigna,99214,MT,$117.00,2026-06-04,
Alma,Cigna,99215,MT,$156.00,6/4/26,
Headway,Cigna,90833,MT,$56.00,3/30/26,
Headway,Cigna,90836,MT,$76.00,3/30/26,
Headway,Cigna,90838,MT,$102.00,3/30/26,
Headway,Cigna,99214,MT,$92.00,3/30/26,
Headway,Cigna,99215,MT,$124.00,3/30/26,
Grow Therapy,Cigna,90833,MT,$52.65,3/31/26,
Grow Therapy,Cigna,90836,MT,$64.35,3/31/26,
Grow Therapy,Cigna,99214,MT,$87.10,2026-03-31,
Grow Therapy,Cigna,99215,MT,$115.05,3/31/26,
Alma,Optum/UHC/Oscar,90833,MT,$73.01,5/28/25,
Alma,Optum/UHC/Oscar,90836,MT,$100.42,5/28/25,
Alma,Optum/UHC/Oscar,90838,MT,$131.87,5/28/25,
Alma,Optum/UHC/Oscar,99214,MT,$109.80,5/28/25,
Alma,Optum/UHC/Oscar,99215,MT,$166.55,5/28/25,
Headway,Optum/UHC/Oscar,90833,MT,$62.46,3/27/26,
Headway,Optum/UHC/Oscar,90836,MT,$78.85,3/27/26,
Headway,Optum/UHC/Oscar,90838,MT,$103.70,2026-03-27,
Headway,Optum/UHC/Oscar,99214,MT,$113.71,3/27/26,
Headway,Optum/UHC/Oscar,99215,MT,$160.41,3/27/26,
Grow Therapy,Optum/UHC/Oscar,90833,MT,$52.02,3/31/26,
Grow Therapy,Optum/UHC/Oscar,90836,MT,$65.68,3/31/26,
Grow Therapy,Optum/UHC/Oscar,99214,MT,$82.38,3/31/26,
Grow Therapy,Optum/UHC/Oscar,99215,MT,$111.10,3/31/26,
SBH,Optum/UHC/Oscar,90833,MT,$64.63,6/29/26,
SBH,Optum/UHC/Oscar,90836,MT,$74.89,6/29/26,
SBH,Optum/UHC/Oscar,90838,MT,$99.08,2026-06-29,
SBH,Optum/UHC/Oscar,99214,MT,$109.17,6/29/26,
SBH,Optum/UHC/Oscar,99215,MT,$152.95,6/29/26,
Alma,Aetna,90833,ND,$69.20,6/2/26,
Alma,Aetna,90836,ND,$110.57,6/2/26,
Alma,Aetna,90838,ND,$130.10,6/2/26,
Alma,Aetna,99214,ND,$109.90,6/2/26,
Alma,Aetna,99215,ND,$109.90,6/2/26,
Alma,Cigna,90833,ND,$73.00,6/4/26,
Alma,Cigna,90836,ND,$91.00,2026-06-04,
Alma,Cigna,90838,ND,$124.00,6/4/26,
Alma,Cigna,99214,ND,$117.00,6/4/26,
Alma,Cigna,99215,ND,$156.00,6/4/26,
Alma,Optum/UHC/Oscar,90833,ND,$73.01,5/28/25,
Alma,Optum/UHC/Oscar,90836,ND,$100.42,5/28/25,
Alma,Optum/UHC/Oscar,90838,ND,$131.87,5/28/25,
Alma,Optum/UHC/Oscar,99214,ND,$109.80,5/28/25,
Alma,Optum/UHC/Oscar,99215,ND,$166.55,5/28/25,
SBH,Optum/UHC/Oscar,90833,ND,$64.63,2026-06-29,
SBH,Optum/UHC/Oscar,90836,ND,$74.89,6/29/26,
SBH,Optum/UHC/Oscar,90838,ND,$99.08,6/29/26,
SBH,Optum/UHC/Oscar,99214,ND,$109.17,6/29/26,
SBH,Optum/UHC/Oscar,99215,ND,$152.95,6/29/26,
Alma,Aetna,90833,NE,$69.20,6/2/26,
Alma,Aetna,90836,NE,$110.57,6/2/26,
Alma,Aetna,90838,NE,$130.10,6/2/26,
Alma,Aetna,99214,NE,$109.90,6/2/26,
Alma,Aetna,99215,NE,$109.90,2026-06-02,
Grow Therapy,Aetna,90833,NE,$54.57,3/31/26,
Grow Therapy,Aetna,90836,NE,$79.01,3/31/26,
Grow Therapy,Aetna,99214,NE,$83.70,3/31/26,
Grow Therapy,Aetna,99215,NE,$112.39,3/31/26,
Alma,Cigna,90833,NE,$73.00,6/4/26,
Alma,Cigna,90836,NE,$91.00,6/4/26,
Alma,Cigna,90838,NE,$124.00,6/4/26,
Alma,Cigna,99214,NE,$117.00,6/4/26,
Alma,Cigna,99215,NE,$156.00,2026-06-04,
Grow Therapy,Cigna,90833,NE,$52.65,3/31/26,
Grow Therapy,Cigna,90836,NE,$64.35,3/31/26,
Grow Therapy,Cigna,99214,NE,$87.10,3/31/26,
Grow Therapy,Cigna,99215,NE,$115.05,3/31/26,
Alma,Optum/UHC/Oscar,90833,NE,$73.01,5/28/25,
Alma,Optum/UHC/Oscar,90836,NE,$100.42,5/28/25,
Alma,Optum/UHC/Oscar,90838,NE,$131.87,5/28/25,
Alma,Optum/UHC/Oscar,99214,NE,$109.80,5/28/25,
Alma,Optum/UHC/Oscar,99215,NE,$166.55,2025-05-28,
Grow Therapy,Optum/UHC/Oscar,90833,NE,$52.02,3/31/26,
Grow Therapy,Optum/UHC/Oscar,90836,NE,$65.68,3/31/26,
Grow Therapy,Optum/UHC/Oscar,99214,NE,$82.38,3/31/26,
Grow Therapy,Optum/UHC/Oscar,99215,NE,$111.10,3/31/26,
SBH,Optum/UHC/Oscar,90833,NE,$64.63,6/29/26,
SBH,Optum/UHC/Oscar,90836,NE,$74.89,6/29/26,
SBH,Optum/UHC/Oscar,90838,NE,$99.08,6/29/26,
SBH,Optum/UHC/Oscar,99214,NE,$109.17,6/29/26,
SBH,Optum/UHC/Oscar,99215,NE,$152.95,2026-06-29,
Alma,Aetna,90833,NH,$69.20,6/2/26,
Alma,Aetna,90836,NH,$110.57,6/2/26,
Alma,Aetna,90838,NH,$130.10,6/2/26,
Alma,Aetna,99214,NH,$109.90,6/2/26,
Alma,Aetna,99215,NH,$109.90,6/2/26,
Grow Therapy,Aetna,90833,NH,$54.57,3/31/26,
Grow Therapy,Aetna,90836,NH,$79.01,3/31/26,
Grow Therapy,Aetna,99214,NH,$83.70,3/31/26,
Grow Therapy,Aetna,99215,NH,$112.39,2026-03-31,
Alma,Cigna,90833,NH,$73.00,6/4/26,
Alma,Cigna,90836,NH,$91.00,6/4/26,
Alma,Cigna,90838,NH,$124.00,6/4/26,
Alma,Cigna,99214,NH,$117.00,6/4/26,
Alma,Cigna,99215,NH,$156.00,6/4/26,
Grow Therapy,Cigna,90833,NH,$52.65,3/31/26,
Grow Therapy,Cigna,90836,NH,$64.35,3/31/26,
Grow Therapy,Cigna,99214,NH,$87.10,3/31/26,
Grow Therapy,Cigna,99215,NH,$115.05,2026-03-31,
Alma,Optum/UHC/Oscar,90833,NH,$64.18,3/31/26,
Alma,Optum/UHC/Oscar,90836,NH,$81.10,3/31/26,
Alma,Optum/UHC/Oscar,90838,NH,$107.55,3/31/26,
Alma,Optum/UHC/Oscar,99214,NH,$109.80,3/31/26,
Alma,Optum/UHC/Oscar,99215,NH,$154.94,3/31/26,
Grow Therapy,Optum/UHC/Oscar,90833,NH,$52.02,3/31/26,
Grow Therapy,Optum/UHC/Oscar,90836,NH,$65.58,3/31/26,
Grow Therapy,Optum/UHC/Oscar,99214,NH,$82.38,3/31/26,
Grow Therapy,Optum/UHC/Oscar,99215,NH,$111.10,2026-03-31,
SBH,Optum/UHC/Oscar,90833,NH,$64.63,6/29/26,
SBH,Optum/UHC/Oscar,90836,NH,$74.89,6/29/26,
SBH,Optum/UHC/Oscar,90838,NH,$99.08,6/29/26,
SBH,Optum/UHC/Oscar,99214,NH,$109.17,6/29/26,
SBH,Optum/UHC/Oscar,99215,NH,$152.95,6/29/26,
Alma,BCBS - Anthem New Hampshire,90833,NH,$58.85,6/4/26,
Alma,BCBS - Anthem New Hampshire,90836,NH,$74.39,6/4/26,
Alma,BCBS - Anthem New Hampshire,90838,NH,$98.63,6/4/26,
Alma,BCBS - Anthem New Hampshire,99214,NH,$104.90,2026-06-04,
Alma,BCBS - Anthem New Hampshire,99215,NH,$147.68,6/4/26,
Headway,BCBS - Premera Washington,90833,NH,$58.85,3/30/26,
Headway,BCBS - Premera Washington,90836,NH,$74.39,3/30/26,
Headway,BCBS - Premera Washington,90838,NH,$98.63,3/30/26,
Headway,BCBS - Premera Washington,99214,NH,$104.90,3/30/26,
Headway,BCBS - Premera Washington,99215,NH,$147.68,3/30/26,
Alma,Aetna,90833,NM,$81.20,6/2/26,
Alma,Aetna,90836,NM,$117.57,6/2/26,
Alma,Aetna,90838,NM,$138.10,2026-06-02,
Alma,Aetna,99214,NM,$117.90,6/2/26,
Alma,Aetna,99215,NM,$117.90,6/2/26,
Grow Therapy,Aetna,90833,NM,$50.37,3/31/26,
Grow Therapy,Aetna,90836,NM,$72.93,3/31/26,
Grow Therapy,Aetna,99214,NM,$77.26,3/31/26,
Grow Therapy,Aetna,99215,NM,$103.75,3/31/26,
Alma,Cigna,90833,NM,$73.00,6/4/26,
Alma,Cigna,90836,NM,$91.00,6/4/26,
Alma,Cigna,90838,NM,$124.00,2026-06-04,
Alma,Cigna,99214,NM,$117.00,6/4/26,
Alma,Cigna,99215,NM,$156.00,6/4/26,
Grow Therapy,Cigna,90833,NM,$47.47,3/31/26,
Grow Therapy,Cigna,90836,NM,$58.02,3/31/26,
Grow Therapy,Cigna,99214,NM,$78.53,3/31/26,
Grow Therapy,Cigna,99215,NM,$103.73,3/31/26,
Alma,Optum/UHC/Oscar,90833,NM,$74.01,5/28/25,
Alma,Optum/UHC/Oscar,90836,NM,$101.42,5/28/25,
Alma,Optum/UHC/Oscar,90838,NM,$139.87,2025-05-28,
Alma,Optum/UHC/Oscar,99214,NM,$118.80,5/28/25,
Alma,Optum/UHC/Oscar,99215,NM,$166.55,5/28/25,
Grow Therapy,Optum/UHC/Oscar,90833,NM,$47.46,3/31/26,
Grow Therapy,Optum/UHC/Oscar,90836,NM,$55.00,3/31/26,
Grow Therapy,Optum/UHC/Oscar,99214,NM,$80.17,3/31/26,
Grow Therapy,Optum/UHC/Oscar,99215,NM,$112.33,3/31/26,
SBH,Optum/UHC/Oscar,90833,NM,$64.63,6/29/26,
SBH,Optum/UHC/Oscar,90836,NM,$74.89,6/29/26,
SBH,Optum/UHC/Oscar,90838,NM,$99.08,2026-06-29,
SBH,Optum/UHC/Oscar,99214,NM,$109.17,6/29/26,
SBH,Optum/UHC/Oscar,99215,NM,$152.95,6/29/26,
Alma,BCBS - Massachusetts,90833,NM,$62.26,6/4/26,
Alma,BCBS - Massachusetts,90836,NM,$81.48,6/4/26,
Alma,BCBS - Massachusetts,90838,NM,$104.10,6/4/26,
Alma,BCBS - Massachusetts,99214,NM,$115.08,6/4/26,
Alma,BCBS - Massachusetts,99215,NM,$161.50,6/4/26,
Alma,Aetna,90833,NV,$81.20,6/2/26,
Alma,Aetna,90836,NV,$117.57,2026-06-02,
Alma,Aetna,90838,NV,$138.10,6/2/26,
Alma,Aetna,99214,NV,$117.90,6/2/26,
Alma,Aetna,99215,NV,$117.90,6/2/26,
Grow Therapy,Aetna,90833,NV,$54.57,3/31/26,
Grow Therapy,Aetna,90836,NV,$79.01,3/31/26,
Grow Therapy,Aetna,99214,NV,$83.70,3/31/26,
Grow Therapy,Aetna,99215,NV,$112.39,3/31/26,
Alma,Cigna,90833,NV,$73.00,6/4/26,
Alma,Cigna,90836,NV,$91.00,2026-06-04,
Alma,Cigna,90838,NV,$124.00,2026-06-04,
Alma,Cigna,99214,NV,$117.00,6/4/26,
Alma,Cigna,99215,NV,$156.00,6/4/26,
Grow Therapy,Cigna,90833,NV,$52.65,3/31/26,
Grow Therapy,Cigna,90836,NV,$64.35,3/31/26,
Grow Therapy,Cigna,99214,NV,$87.10,3/31/26,
Grow Therapy,Cigna,99215,NV,$115.05,3/31/26,
Alma,Optum/UHC/Oscar,90833,NV,$74.01,5/28/25,
Alma,Optum/UHC/Oscar,90836,NV,$101.42,5/28/25,
Alma,Optum/UHC/Oscar,90838,NV,$139.87,2025-05-28,
Alma,Optum/UHC/Oscar,99214,NV,$118.80,5/28/25,
Alma,Optum/UHC/Oscar,99215,NV,$166.55,5/28/25,
Grow Therapy,Optum/UHC/Oscar,90833,NV,$52.02,3/31/26,
Grow Therapy,Optum/UHC/Oscar,90836,NV,$65.68,3/31/26,
Grow Therapy,Optum/UHC/Oscar,99214,NV,$82.38,3/31/26,
Grow Therapy,Optum/UHC/Oscar,99215,NV,$111.10,3/31/26,
SBH,Optum/UHC/Oscar,90833,NV,$64.63,6/29/26,
SBH,Optum/UHC/Oscar,90836,NV,$74.89,6/29/26,
SBH,Optum/UHC/Oscar,90838,NV,$99.08,2026-06-29,
SBH,Optum/UHC/Oscar,99214,NV,$109.17,6/29/26,
SBH,Optum/UHC/Oscar,99215,NV,$152.95,6/29/26,
Alma,BCBS - Anthem Nevada,90833,NV,$58.85,6/4/26,
Alma,BCBS - Anthem Nevada,90836,NV,$74.39,6/4/26,
Alma,BCBS - Anthem Nevada,90838,NV,$98.63,6/4/26,
Alma,BCBS - Anthem Nevada,99214,NV,$104.90,6/4/26,
Alma,BCBS - Anthem Nevada,99215,NV,$147.68,6/4/26,
Alma,Aetna,90833,OR,$81.20,6/2/26,
Alma,Aetna,90836,OR,$117.57,2026-06-02,
Alma,Aetna,90838,OR,$138.10,6/2/26,
Alma,Aetna,99214,OR,$117.90,6/2/26,
Alma,Aetna,99215,OR,$117.90,6/2/26,
Headway,Aetna,90833,OR,$84.00,3/27/26,
Headway,Aetna,90836,OR,$103.00,3/27/26,
Headway,Aetna,90838,OR,$124.00,3/27/26,
Headway,Aetna,99214,OR,$128.00,3/27/26,
Headway,Aetna,99215,OR,$118.00,3/27/26,
Grow Therapy,Aetna,90833,OR,$54.57,2026-03-31,
Grow Therapy,Aetna,90836,OR,$79.01,3/31/26,
Grow Therapy,Aetna,99214,OR,$83.70,3/31/26,
Grow Therapy,Aetna,99215,OR,$112.39,3/31/26,
Alma,Cigna,90833,OR,$73.00,6/4/26,
Alma,Cigna,90836,OR,$91.00,6/4/26,
Alma,Cigna,90838,OR,$124.00,6/4/26,
Alma,Cigna,99214,OR,$117.00,6/4/26,
Alma,Cigna,99215,OR,$156.00,6/4/26,
Headway,Cigna,90833,OR,$56.00,2026-03-31,
Headway,Cigna,90836,OR,$76.00,3/31/26,
Headway,Cigna,90838,OR,$102.00,3/31/26,
Headway,Cigna,99214,OR,$92.00,3/31/26,
Headway,Cigna,99215,OR,$124.00,3/31/26,
Grow Therapy,Cigna,90833,OR,$52.65,3/31/26,
Grow Therapy,Cigna,90836,OR,$64.35,3/31/26,
Grow Therapy,Cigna,99214,OR,$87.10,3/31/26,
Grow Therapy,Cigna,99215,OR,$115.05,3/31/26,
Alma,Optum/UHC/Oscar,90833,OR,$74.01,2026-03-31,
Alma,Optum/UHC/Oscar,90836,OR,$101.42,3/31/26,
Alma,Optum/UHC/Oscar,90838,OR,$139.87,3/31/26,
Alma,Optum/UHC/Oscar,99214,OR,$118.80,3/31/26,
Alma,Optum/UHC/Oscar,99215,OR,$173.43,3/31/26,
Headway,Optum/UHC/Oscar,90833,OR,$62.46,3/27/26,
Headway,Optum/UHC/Oscar,90836,OR,$73.34,3/27/26,
Headway,Optum/UHC/Oscar,90838,OR,$97.47,3/27/26,
Headway,Optum/UHC/Oscar,99214,OR,$113.71,3/27/26,
Headway,Optum/UHC/Oscar,99215,OR,$150.54,2026-03-27,
Grow Therapy,Optum/UHC/Oscar,90833,OR,$52.02,3/31/26,
Grow Therapy,Optum/UHC/Oscar,90836,OR,$65.58,3/31/26,
Grow Therapy,Optum/UHC/Oscar,99214,OR,$82.38,3/31/26,
Grow Therapy,Optum/UHC/Oscar,99215,OR,$111.10,3/31/26,
SBH,Optum/UHC/Oscar,90833,OR,$64.63,6/29/26,
SBH,Optum/UHC/Oscar,90836,OR,$74.89,6/29/26,
SBH,Optum/UHC/Oscar,90838,OR,$99.08,6/29/26,
SBH,Optum/UHC/Oscar,99214,OR,$109.17,6/29/26,
SBH,Optum/UHC/Oscar,99215,OR,$152.95,2026-06-29,
Alma,BCBS - Massachusetts,90833,OR,$62.26,6/4/26,
Alma,BCBS - Massachusetts,90836,OR,$81.48,6/4/26,
Alma,BCBS - Massachusetts,90838,OR,$104.10,6/4/26,
Alma,BCBS - Massachusetts,99214,OR,$115.08,6/4/26,
Alma,BCBS - Massachusetts,99215,OR,$161.50,6/4/26,
Alma,Aetna,90833,SD,$69.20,6/2/26,
Alma,Aetna,90836,SD,$110.57,6/2/26,
Alma,Aetna,90838,SD,$130.10,6/2/26,
Alma,Aetna,99214,SD,$109.90,2026-06-02,
Alma,Aetna,99215,SD,$109.90,6/2/26,
Grow Therapy,Aetna,90833,SD,$54.57,3/31/26,
Grow Therapy,Aetna,90836,SD,$79.01,3/31/26,
Grow Therapy,Aetna,99214,SD,$83.70,3/31/26,
Grow Therapy,Aetna,99215,SD,$112.39,3/31/26,
Alma,Cigna,90833,SD,$73.00,6/4/26,
Alma,Cigna,90836,SD,$91.00,6/4/26,
Alma,Cigna,90838,SD,$124.00,6/4/26,
Alma,Cigna,99214,SD,$117.00,2026-06-04,
Alma,Cigna,99215,SD,$156.00,6/4/26,
Grow Therapy,Cigna,90833,SD,$52.65,3/31/26,
Grow Therapy,Cigna,90836,SD,$64.35,3/31/26,
Grow Therapy,Cigna,99214,SD,$87.10,3/31/26,
Grow Therapy,Cigna,99215,SD,$115.05,3/31/26,
Grow Therapy,Optum/UHC/Oscar,90833,SD,$52.02,3/31/26,
Grow Therapy,Optum/UHC/Oscar,90836,SD,$65.58,3/31/26,
Grow Therapy,Optum/UHC/Oscar,99214,SD,$82.38,3/31/26,
Grow Therapy,Optum/UHC/Oscar,99215,SD,$111.10,2026-03-31,
SBH,Optum/UHC/Oscar,90833,SD,$64.63,6/29/26,
SBH,Optum/UHC/Oscar,90836,SD,$74.89,6/29/26,
SBH,Optum/UHC/Oscar,90838,SD,$99.08,6/29/26,
SBH,Optum/UHC/Oscar,99214,SD,$109.17,6/29/26,
SBH,Optum/UHC/Oscar,99215,SD,$152.95,6/29/26,
SBH,BCBS - Wellmark Iowa,90833,SD,$91.78,,
SBH,BCBS - Wellmark Iowa,90836,SD,$103.70,,
SBH,BCBS - Wellmark Iowa,99214,SD,$155.70,,
Alma,Aetna,90833,UT,$81.20,2026-06-04,
Alma,Aetna,90836,UT,$117.57,6/4/26,
Alma,Aetna,90838,UT,$138.10,6/4/26,
Alma,Aetna,99214,UT,$117.90,6/4/26,
Alma,Aetna,99215,UT,$117.90,6/4/26,
Alma,Cigna,90833,UT,$73.00,6/4/26,
Alma,Cigna,90836,UT,$91.00,6/4/26,
Alma,Cigna,90838,UT,$124.00,6/4/26,
Alma,Cigna,99214,UT,$117.00,6/4/26,
Alma,Cigna,99215,UT,$156.00,2026-06-04,
SBH,Optum/UHC/Oscar,90833,UT,$64.63,6/29/26,
SBH,Optum/UHC/Oscar,90836,UT,$74.89,6/29/26,
SBH,Optum/UHC/Oscar,90838,UT,$99.08,6/29/26,
SBH,Optum/UHC/Oscar,99214,UT,$109.17,6/29/26,
SBH,Optum/UHC/Oscar,99215,UT,$152.95,6/29/26,
Alma,Aetna,90833,WA,$81.20,6/2/26,
Alma,Aetna,90836,WA,$117.57,6/2/26,
Alma,Aetna,90838,WA,$138.10,6/2/26,
Alma,Aetna,99214,WA,$129.90,2026-06-02,
Alma,Aetna,99215,WA,$129.90,6/2/26,
Headway,Aetna,90833,WA,$88.46,3/27/26,
Headway,Aetna,90836,WA,$117.57,3/27/26,
Headway,Aetna,90838,WA,$138.10,3/27/26,
Headway,Aetna,99214,WA,$117.90,3/27/26,
Headway,Aetna,99215,WA,$129.48,3/27/26,
Grow Therapy,Aetna,90833,WA,$54.57,3/31/26,
Grow Therapy,Aetna,90836,WA,$79.01,3/31/26,
Grow Therapy,Aetna,99214,WA,$83.70,2026-03-31,
Grow Therapy,Aetna,99215,WA,$112.39,3/31/26,
Alma,Cigna,90833,WA,$73.00,6/4/26,
Alma,Cigna,90836,WA,$91.00,6/4/26,
Alma,Cigna,90838,WA,$124.00,6/4/26,
Alma,Cigna,99214,WA,$117.00,6/4/26,
Alma,Cigna,99215,WA,$156.00,6/4/26,
Headway,Cigna,90833,WA,$59.00,3/31/26,
Headway,Cigna,90836,WA,$80.00,3/31/26,
Headway,Cigna,90838,WA,$107.00,2026-03-31,
Headway,Cigna,99214,WA,$97.00,3/31/26,
Headway,Cigna,99215,WA,$131.00,3/31/26,
Grow Therapy,Cigna,90833,WA,$52.65,3/31/26,
Grow Therapy,Cigna,90836,WA,$64.35,3/31/26,
Grow Therapy,Cigna,99214,WA,$87.10,3/31/26,
Grow Therapy,Cigna,99215,WA,$115.05,3/31/26,
Alma,Optum/UHC/Oscar,90833,WA,$74.01,3/31/26,
Alma,Optum/UHC/Oscar,90836,WA,$101.42,3/31/26,
Alma,Optum/UHC/Oscar,90838,WA,$139.87,2026-03-31,
Alma,Optum/UHC/Oscar,99214,WA,$118.80,3/31/26,
Alma,Optum/UHC/Oscar,99215,WA,$173.43,3/31/26,
Headway,Optum/UHC/Oscar,90833,WA,$60.00,3/27/26,
Headway,Optum/UHC/Oscar,90836,WA,$76.16,3/27/26,
Headway,Optum/UHC/Oscar,90838,WA,$106.00,3/27/26,
Headway,Optum/UHC/Oscar,99214,WA,$100.00,3/27/26,
Headway,Optum/UHC/Oscar,99215,WA,$140.00,3/27/26,
Grow Therapy,Optum/UHC/Oscar,90833,WA,$52.02,3/31/26,
Grow Therapy,Optum/UHC/Oscar,90836,WA,$65.58,2026-03-31,
Grow Therapy,Optum/UHC/Oscar,99214,WA,$82.38,3/31/26,
Grow Therapy,Optum/UHC/Oscar,99215,WA,$111.10,3/31/26,
SBH,Optum/UHC/Oscar,90833,WA,$64.63,6/29/26,
SBH,Optum/UHC/Oscar,90836,WA,$74.89,6/29/26,
SBH,Optum/UHC/Oscar,90838,WA,$99.08,6/29/26,
SBH,Optum/UHC/Oscar,99214,WA,$109.17,6/29/26,
SBH,Optum/UHC/Oscar,99215,WA,$152.95,6/29/26,
Alma,BCBS - Massachusetts,90833,WA,$62.26,6/4/26,
Alma,BCBS - Massachusetts,90836,WA,$81.48,2026-06-04,
Alma,BCBS - Massachusetts,90838,WA,$104.10,6/4/26,
Alma,BCBS - Massachusetts,99214,WA,$115.08,6/4/26,
Alma,BCBS - Massachusetts,99215,WA,$161.50,6/4/26,
Headway,BCBS - Massachusetts,90833,WA,$71.00,3/30/26,
Headway,BCBS - Massachusetts,90836,WA,$89.00,3/30/26,
Headway,BCBS - Massachusetts,90838,WA,$111.00,3/30/26,
Headway,BCBS - Massachusetts,99214,WA,$132.00,3/30/26,
Headway,BCBS - Massachusetts,99215,WA,$185.00,3/30/26,
Headway,BCBS - Horizon New Jersey,90833,WA,$71.03,2026-03-30,
Headway,BCBS - Horizon New Jersey,90836,WA,$89.56,3/30/26,
Headway,BCBS - Horizon New Jersey,90838,WA,$118.45,3/30/26,
Headway,BCBS - Horizon New Jersey,99214,WA,$125.55,3/30/26,
Headway,BCBS - Horizon New Jersey,99215,WA,$156.97,3/30/26,
Headway,BCBS - Independence Pennsylvania,90833,WA,$58.50,3/30/26,
Headway,BCBS - Independence Pennsylvania,90836,WA,$70.39,3/30/26,
Headway,BCBS - Independence Pennsylvania,90838,WA,$93.36,3/30/26,
Headway,BCBS - Independence Pennsylvania,99214,WA,$99.98,3/30/26,
Headway,BCBS - Independence Pennsylvania,99215,WA,$140.77,2026-03-30,
Headway,BCBS - Premera Washington,90833,WA,$68.00,3/30/26,
Headway,BCBS - Premera Washington,90836,WA,$87.00,3/30/26,
Headway,BCBS - Premera Washington,90838,WA,$115.00,3/30/26,
Headway,BCBS - Premera Washington,99214,WA,$92.00,3/30/26,
Headway,BCBS - Premera Washington,99215,WA,$130.00,3/30/26,
Headway,BCBS - Regence Washington,90833,WA,$77.13,3/30/26,
Headway,BCBS - Regence Washington,90836,WA,$97.49,3/30/26,
Headway,BCBS - Regence Washington,90838,WA,$128.81,3/30/26,
Headway,BCBS - Regence Washington,99214,WA,$119.80,2026-03-30,
Headway,BCBS - Regence Washington,99215,WA,$160.52,3/30/26,
Alma,Aetna,90833,WY,$69.20,6/2/26,
Alma,Aetna,90836,WY,$110.57,6/2/26,
Alma,Aetna,90838,WY,$130.10,6/2/26,
Alma,Aetna,99214,WY,$109.90,6/2/26,
Alma,Aetna,99215,WY,$109.90,6/2/26,
Grow Therapy,Aetna,90833,WY,$50.37,3/31/26,
Grow Therapy,Aetna,90836,WY,$72.93,3/31/26,
Grow Therapy,Aetna,99214,WY,$77.26,2026-03-31,
Grow Therapy,Aetna,99215,WY,$103.75,3/31/26,
Alma,Cigna,90833,WY,$73.00,6/4/26,
Alma,Cigna,90836,WY,$91.00,6/4/26,
Alma,Cigna,90838,WY,$124.00,6/4/26,
Alma,Cigna,99214,WY,$117.00,6/4/26,
Alma,Cigna,99215,WY,$156.00,6/4/26,
Grow Therapy,Cigna,90833,WY,$47.47,3/31/26,
Grow Therapy,Cigna,90836,WY,$58.02,3/31/26,
Grow Therapy,Cigna,99214,WY,$78.53,2026-03-31,
Grow Therapy,Cigna,99215,WY,$103.73,3/31/26,
Alma,Optum/UHC/Oscar,90833,WY,$73.01,5/28/25,
Alma,Optum/UHC/Oscar,90836,WY,$100.42,5/28/25,
Alma,Optum/UHC/Oscar,90838,WY,$131.87,5/28/25,
Alma,Optum/UHC/Oscar,99214,WY,$109.80,5/28/25,
Alma,Optum/UHC/Oscar,99215,WY,$166.55,5/28/25,
Grow Therapy,Optum/UHC/Oscar,90833,WY,$47.46,3/31/26,
Grow Therapy,Optum/UHC/Oscar,90836,WY,$55.00,3/31/26,
Grow Therapy,Optum/UHC/Oscar,99214,WY,$80.17,2026-03-31,
Grow Therapy,Optum/UHC/Oscar,99215,WY,$103.73,3/31/26,
SBH,Optum/UHC/Oscar,90833,WY,$64.63,6/29/26,
SBH,Optum/UHC/Oscar,90836,WY,$74.89,6/29/26,
SBH,Optum/UHC/Oscar,90838,WY,$99.08,6/29/26,
SBH,Optum/UHC/Oscar,99214,WY,$109.17,6/29/26,
SBH,Optum/UHC/Oscar,99215,WY,$152.95,6/29/26,