intermediary_name,payer_name,cpt_code,state,allowed_amount,effective_date,notes
Headway,Optum/UHC/Oscar,99204,AK,,,
Headway,Optum/UHC/Oscar,99205,AK,,,
Headway,Optum/UHC/Oscar,99214,AK,,,
Headway,Optum/UHC/Oscar,99215,AK,,,
Headway,Optum/UHC/Oscar,90833,AK,,,
Headway,Optum/UHC/Oscar,90836,AK,,,
Headway,Optum/UHC/Oscar,90838,AK,,,
Headway,Optum/UHC/Oscar,99204,AZ,,,
Headway,Optum/UHC/Oscar,99205,AZ,,,
Headway,Optum/UHC/Oscar,99214,AZ,,,
Headway,Optum/UHC/Oscar,99215,AZ,,,
Headway,Optum/UHC/Oscar,90833,AZ,,,
Headway,Optum/UHC/Oscar,90836,AZ,,,
Headway,Optum/UHC/Oscar,90838,AZ,,,
Headway,Optum/UHC/Oscar,99204,CO,,,
Headway,Optum/UHC/Oscar,99205,CO,,,
Headway,Optum/UHC/Oscar,99214,CO,,,
Headway,Optum/UHC/Oscar,99215,CO,,,
Headway,Optum/UHC/Oscar,90833,CO,,,
Headway,Optum/UHC/Oscar,90836,CO,,,
Headway,Optum/UHC/Oscar,90838,CO,,,
Headway,Optum/UHC/Oscar,99204,DC,,,
Headway,Optum/UHC/Oscar,99205,DC,,,
Headway,Optum/UHC/Oscar,99214,DC,,,
Headway,Optum/UHC/Oscar,99215,DC,,,
Headway,Optum/UHC/Oscar,90833,DC,,,
Headway,Optum/UHC/Oscar,90836,DC,,,
Headway,Optum/UHC/Oscar,90838,DC,,,
Headway,Optum/UHC/Oscar,99204,FL,,,
Headway,Optum/UHC/Oscar,99205,FL,,,
Headway,Optum/UHC/Oscar,99214,FL,,,
Headway,Optum/UHC/Oscar,99215,FL,,,
Headway,Optum/UHC/Oscar,90833,FL,,,
Headway,Optum/UHC/Oscar,90836,FL,,,
Headway,Optum/UHC/Oscar,90838,FL,,,
Headway,Optum/UHC/Oscar,99204,IA,,,
Headway,Optum/UHC/Oscar,99205,IA,,,
Headway,Optum/UHC/Oscar,99214,IA,,,
Headway,Optum/UHC/Oscar,99215,IA,,,
Headway,Optum/UHC/Oscar,90833,IA,,,
Headway,Optum/UHC/Oscar,90836,IA,,,
Headway,Optum/UHC/Oscar,90838,IA,,,
Headway,Optum/UHC/Oscar,99204,MD,,,
Headway,Optum/UHC/Oscar,99205,MD,,,
Headway,Optum/UHC/Oscar,99214,MD,,,
Headway,Optum/UHC/Oscar,99215,MD,,,
Headway,Optum/UHC/Oscar,90833,MD,,,
Headway,Optum/UHC/Oscar,90836,MD,,,
Headway,Optum/UHC/Oscar,90838,MD,,,
Headway,Optum/UHC/Oscar,99204,MN,,,
Headway,Optum/UHC/Oscar,99205,MN,,,
Headway,Optum/UHC/Oscar,99214,MN,,,
Headway,Optum/UHC/Oscar,99215,MN,,,
Headway,Optum/UHC/Oscar,90833,MN,,,
Headway,Optum/UHC/Oscar,90836,MN,,,
Headway,Optum/UHC/Oscar,90838,MN,,,
Headway,Optum/UHC/Oscar,99204,MT,,,
Headway,Optum/UHC/Oscar,99205,MT,,,
Headway,Optum/UHC/Oscar,99214,MT,,,
Headway,Optum/UHC/Oscar,99215,MT,,,
Headway,Optum/UHC/Oscar,90833,MT,,,
Headway,Optum/UHC/Oscar,90836,MT,,,
Headway,Optum/UHC/Oscar,90838,MT,,,
Headway,Optum/UHC/Oscar,99204,OR,,,
Headway,Optum/UHC/Oscar,99205,OR,,,
Headway,Optum/UHC/Oscar,99214,OR,,,
Headway,Optum/UHC/Oscar,99215,OR,,,
Headway,Optum/UHC/Oscar,90833,OR,,,
Headway,Optum/UHC/Oscar,90836,OR,,,
Headway,Optum/UHC/Oscar,90838,OR,,,
Headway,Optum/UHC/Oscar,99204,WA,,,
Headway,Optum/UHC/Oscar,99205,WA,,,
Headway,Optum/UHC/Oscar,99214,WA,,,
Headway,Optum/UHC/Oscar,99215,WA,,,
Headway,Optum/UHC/Oscar,90833,WA,,,
Headway,Optum/UHC/Oscar,90836,WA,,,
Headway,Optum/UHC/Oscar,90838,WA,,,
Headway,Aetna,99204,AK,,,
Headway,Aetna,99205,AK,,,
Headway,Aetna,99214,AK,,,
Headway,Aetna,99215,AK,,,
Headway,Aetna,90833,AK,,,
Headway,Aetna,90836,AK,,,
Headway,Aetna,90838,AK,,,
Headway,Aetna,99204,AZ,,,
Headway,Aetna,99205,AZ,,,
Headway,Aetna,99214,AZ,,,
Headway,Aetna,99215,AZ,,,
Headway,Aetna,90833,AZ,,,
Headway,Aetna,90836,AZ,,,
Headway,Aetna,90838,AZ,,,
Headway,Aetna,99204,CO,,,
Headway,Aetna,99205,CO,,,
Headway,Aetna,99214,CO,,,
Headway,Aetna,99215,CO,,,
Headway,Aetna,90833,CO,,,
Headway,Aetna,90836,CO,,,
Headway,Aetna,90838,CO,,,
Headway,Aetna,99204,DC,,,
Headway,Aetna,99205,DC,,,
Headway,Aetna,99214,DC,,,
Headway,Aetna,99215,DC,,,
Headway,Aetna,90833,DC,,,
Headway,Aetna,90836,DC,,,
Headway,Aetna,90838,DC,,,
Headway,Aetna,99204,FL,,,
Headway,Aetna,99205,FL,,,
Headway,Aetna,99214,FL,,,
Headway,Aetna,99215,FL,,,
Headway,Aetna,90833,FL,,,
Headway,Aetna,90836,FL,,,
Headway,Aetna,90838,FL,,,
Headway,Aetna,99204,IA,,,
Headway,Aetna,99205,IA,,,
Headway,Aetna,99214,IA,,,
Headway,Aetna,99215,IA,,,
Headway,Aetna,90833,IA,,,
Headway,Aetna,90836,IA,,,
Headway,Aetna,90838,IA,,,
Headway,Aetna,99204,MD,,,
Headway,Aetna,99205,MD,,,
Headway,Aetna,99214,MD,,,
Headway,Aetna,99215,MD,,,
Headway,Aetna,90833,MD,,,
Headway,Aetna,90836,MD,,,
Headway,Aetna,90838,MD,,,
Headway,Aetna,99204,MN,,,
Headway,Aetna,99205,MN,,,
Headway,Aetna,99214,MN,,,
Headway,Aetna,99215,MN,,,
Headway,Aetna,90833,MN,,,
Headway,Aetna,90836,MN,,,
Headway,Aetna,90838,MN,,,
Headway,Aetna,99204,MT,,,
Headway,Aetna,99205,MT,,,
Headway,Aetna,99214,MT,,,
Headway,Aetna,99215,MT,,,
Headway,Aetna,90833,MT,,,
Headway,Aetna,90836,MT,,,
Headway,Aetna,90838,MT,,,
Headway,Aetna,99204,OR,,,
Headway,Aetna,99205,OR,,,
Headway,Aetna,99214,OR,,,
Headway,Aetna,99215,OR,,,
Headway,Aetna,90833,OR,,,
Headway,Aetna,90836,OR,,,
Headway,Aetna,90838,OR,,,
Headway,Aetna,99204,WA,,,
Headway,Aetna,99205,WA,,,
Headway,Aetna,99214,WA,,,
Headway,Aetna,99215,WA,,,
Headway,Aetna,90833,WA,,,
Headway,Aetna,90836,WA,,,
Headway,Aetna,90838,WA,,,
Headway,Cigna,99204,AK,,,
Headway,Cigna,99205,AK,,,
Headway,Cigna,99214,AK,,,
Headway,Cigna,99215,AK,,,
Headway,Cigna,90833,AK,,,
Headway,Cigna,90836,AK,,,
Headway,Cigna,90838,AK,,,
Headway,Cigna,99204,AZ,,,
Headway,Cigna,99205,AZ,,,
Headway,Cigna,99214,AZ,,,
Headway,Cigna,99215,AZ,,,
Headway,Cigna,90833,AZ,,,
Headway,Cigna,90836,AZ,,,
Headway,Cigna,90838,AZ,,,
Headway,Cigna,99204,CO,,,
Headway,Cigna,99205,CO,,,
Headway,Cigna,99214,CO,,,
Headway,Cigna,99215,CO,,,
Headway,Cigna,90833,CO,,,
Headway,Cigna,90836,CO,,,
Headway,Cigna,90838,CO,,,
Headway,Cigna,99204,DC,,,
Headway,Cigna,99205,DC,,,
Headway,Cigna,99214,DC,,,
Headway,Cigna,99215,DC,,,
Headway,Cigna,90833,DC,,,
Headway,Cigna,90836,DC,,,
Headway,Cigna,90838,DC,,,
Headway,Cigna,99204,FL,,,
Headway,Cigna,99205,FL,,,
Headway,Cigna,99214,FL,,,
Headway,Cigna,99215,FL,,,
Headway,Cigna,90833,FL,,,
Headway,Cigna,90836,FL,,,
Headway,Cigna,90838,FL,,,
Headway,Cigna,99204,IA,,,
Headway,Cigna,99205,IA,,,
Headway,Cigna,99214,IA,,,
Headway,Cigna,99215,IA,,,
Headway,Cigna,90833,IA,,,
Headway,Cigna,90836,IA,,,
Headway,Cigna,90838,IA,,,
Headway,Cigna,99204,MD,,,
Headway,Cigna,99205,MD,,,
Headway,Cigna,99214,MD,,,
Headway,Cigna,99215,MD,,,
Headway,Cigna,90833,MD,,,
Headway,Cigna,90836,MD,,,
Headway,Cigna,90838,MD,,,
Headway,Cigna,99204,MN,,,
Headway,Cigna,99205,MN,,,
Headway,Cigna,99214,MN,,,
Headway,Cigna,99215,MN,,,
Headway,Cigna,90833,MN,,,
Headway,Cigna,90836,MN,,,
Headway,Cigna,90838,MN,,,
Headway,Cigna,99204,MT,,,
Headway,Cigna,99205,MT,,,
Headway,Cigna,99214,MT,,,
Headway,Cigna,99215,MT,,,
Headway,Cigna,90833,MT,,,
Headway,Cigna,90836,MT,,,
Headway,Cigna,90838,MT,,,
Headway,Cigna,99204,OR,,,
Headway,Cigna,99205,OR,,,
Headway,Cigna,99214,OR,,,
Headway,Cigna,99215,OR,,,
Headway,Cigna,90833,OR,,,
Headway,Cigna,90836,OR,,,
Headway,Cigna,90838,OR,,,
Headway,Cigna,99204,WA,,,
Headway,Cigna,99205,WA,,,
Headway,Cigna,99214,WA,,,
Headway,Cigna,99215,WA,,,
Headway,Cigna,90833,WA,,,
Headway,Cigna,90836,WA,,,
Headway,Cigna,90838,WA,,,
Headway,BCBS - Florida,99204,FL,,,
Headway,BCBS - Florida,99205,FL,,,
Headway,BCBS - Florida,99214,FL,,,
Headway,BCBS - Florida,99215,FL,,,
Headway,BCBS - Florida,90833,FL,,,
Headway,BCBS - Florida,90836,FL,,,
Headway,BCBS - Florida,90838,FL,,,
Headway,United Healthcare (Optum),99204,AK,,,
Headway,United Healthcare (Optum),99205,AK,,,
Headway,United Healthcare (Optum),99214,AK,,,
Headway,United Healthcare (Optum),99215,AK,,,
Headway,United Healthcare (Optum),90833,AK,,,
Headway,United Healthcare (Optum),90836,AK,,,
Headway,United Healthcare (Optum),90838,AK,,,
Headway,United Healthcare (Optum),99204,AZ,,,
Headway,United Healthcare (Optum),99205,AZ,,,
Headway,United Healthcare (Optum),99214,AZ,,,
Headway,United Healthcare (Optum),99215,AZ,,,
Headway,United Healthcare (Optum),90833,AZ,,,
Headway,United Healthcare (Optum),90836,AZ,,,
Headway,United Healthcare (Optum),90838,AZ,,,
Headway,United Healthcare (Optum),99204,CO,,,
Headway,United Healthcare (Optum),99205,CO,,,
Headway,United Healthcare (Optum),99214,CO,,,
Headway,United Healthcare (Optum),99215,CO,,,
Headway,United Healthcare (Optum),90833,CO,,,
Headway,United Healthcare (Optum),90836,CO,,,
Headway,United Healthcare (Optum),90838,CO,,,
Headway,United Healthcare (Optum),99204,DC,,,
Headway,United Healthcare (Optum),99205,DC,,,
Headway,United Healthcare (Optum),99214,DC,,,
Headway,United Healthcare (Optum),99215,DC,,,
Headway,United Healthcare (Optum),90833,DC,,,
Headway,United Healthcare (Optum),90836,DC,,,
Headway,United Healthcare (Optum),90838,DC,,,
Headway,United Healthcare (Optum),99204,FL,,,
Headway,United Healthcare (Optum),99205,FL,,,
Headway,United Healthcare (Optum),99214,FL,,,
Headway,United Healthcare (Optum),99215,FL,,,
Headway,United Healthcare (Optum),90833,FL,,,
Headway,United Healthcare (Optum),90836,FL,,,
Headway,United Healthcare (Optum),90838,FL,,,
Headway,United Healthcare (Optum),99204,IA,,,
Headway,United Healthcare (Optum),99205,IA,,,
Headway,United Healthcare (Optum),99214,IA,,,
Headway,United Healthcare (Optum),99215,IA,,,
Headway,United Healthcare (Optum),90833,IA,,,
Headway,United Healthcare (Optum),90836,IA,,,
Headway,United Healthcare (Optum),90838,IA,,,
Headway,United Healthcare (Optum),99204,MD,,,
Headway,United Healthcare (Optum),99205,MD,,,
Headway,United Healthcare (Optum),99214,MD,,,
Headway,United Healthcare (Optum),99215,MD,,,
Headway,United Healthcare (Optum),90833,MD,,,
Headway,United Healthcare (Optum),90836,MD,,,
Headway,United Healthcare (Optum),90838,MD,,,
Headway,United Healthcare (Optum),99204,MN,,,
Headway,United Healthcare (Optum),99205,MN,,,
Headway,United Healthcare (Optum),99214,MN,,,
Headway,United Healthcare (Optum),99215,MN,,,
Headway,United Healthcare (Optum),90833,MN,,,
Headway,United Healthcare (Optum),90836,MN,,,
Headway,United Healthcare (Optum),90838,MN,,,
Headway,United Healthcare (Optum),99204,MT,,,
Headway,United Healthcare (Optum),99205,MT,,,
Headway,United Healthcare (Optum),99214,MT,,,
Headway,United Healthcare (Optum),99215,MT,,,
Headway,United Healthcare (Optum),90833,MT,,,
Headway,United Healthcare (Optum),90836,MT,,,
Headway,United Healthcare (Optum),90838,MT,,,
Headway,United Healthcare (Optum),99204,OR,,,
Headway,United Healthcare (Optum),99205,OR,,,
Headway,United Healthcare (Optum),99214,OR,,,
Headway,United Healthcare (Optum),99215,OR,,,
Headway,United Healthcare (Optum),90833,OR,,,
Headway,United Healthcare (Optum),90836,OR,,,
Headway,United Healthcare (Optum),90838,OR,,,
Headway,United Healthcare (Optum),99204,WA,,,
Headway,United Healthcare (Optum),99205,WA,,,
Headway,United Healthcare (Optum),99214,WA,,,
Headway,United Healthcare (Optum),99215,WA,,,
Headway,United Healthcare (Optum),90833,WA,,,
Headway,United Healthcare (Optum),90836,WA,,,
Headway,United Healthcare (Optum),90838,WA,,,
Headway,Oscar (Optum),99204,FL,,,
Headway,Oscar (Optum),99205,FL,,,
Headway,Oscar (Optum),99214,FL,,,
Headway,Oscar (Optum),99215,FL,,,
Headway,Oscar (Optum),90833,FL,,,
Headway,Oscar (Optum),90836,FL,,,
Headway,Oscar (Optum),90838,FL,,,
Headway,Oscar (Optum),99204,OR,,,
Headway,Oscar (Optum),99205,OR,,,
Headway,Oscar (Optum),99214,OR,,,
Headway,Oscar (Optum),99215,OR,,,
Headway,Oscar (Optum),90833,OR,,,
Headway,Oscar (Optum),90836,OR,,,
Headway,Oscar (Optum),90838,OR,,,
Headway,Oscar (Optum),99204,WA,,,
Headway,Oscar (Optum),99205,WA,,,
Headway,Oscar (Optum),99214,WA,,,
Headway,Oscar (Optum),99215,WA,,,
Headway,Oscar (Optum),90833,WA,,,
Headway,Oscar (Optum),90836,WA,,,
Headway,Oscar (Optum),90838,WA,,,
Headway,Oxford (Optum),99204,FL,,,
Headway,Oxford (Optum),99205,FL,,,
Headway,Oxford (Optum),99214,FL,,,
Headway,Oxford (Optum),99215,FL,,,
Headway,Oxford (Optum),90833,FL,,,
Headway,Oxford (Optum),90836,FL,,,
Headway,Oxford (Optum),90838,FL,,,
Headway,Oxford (Optum),99204,MD,,,
Headway,Oxford (Optum),99205,MD,,,
Headway,Oxford (Optum),99214,MD,,,
Headway,Oxford (Optum),99215,MD,,,
Headway,Oxford (Optum),90833,MD,,,
Headway,Oxford (Optum),90836,MD,,,
Headway,Oxford (Optum),90838,MD,,,
Headway,Florida Blue,99204,FL,,,
Headway,Florida Blue,99205,FL,,,
Headway,Florida Blue,99214,FL,,,
Headway,Florida Blue,99215,FL,,,
Headway,Florida Blue,90833,FL,,,
Headway,Florida Blue,90836,FL,,,
Headway,Florida Blue,90838,FL,,,
Headway,Premera Blue Cross Washington,99204,WA,,,
Headway,Premera Blue Cross Washington,99205,WA,,,
Headway,Premera Blue Cross Washington,99214,WA,,,
Headway,Premera Blue Cross Washington,99215,WA,,,
Headway,Premera Blue Cross Washington,90833,WA,,,
Headway,Premera Blue Cross Washington,90836,WA,,,
Headway,Premera Blue Cross Washington,90838,WA,,,
Headway,Premera Blue Cross Washington,99204,AK,,,
Headway,Premera Blue Cross Washington,99205,AK,,,
Headway,Premera Blue Cross Washington,99214,AK,,,
Headway,Premera Blue Cross Washington,99215,AK,,,
Headway,Premera Blue Cross Washington,90833,AK,,,
Headway,Premera Blue Cross Washington,90836,AK,,,
Headway,Premera Blue Cross Washington,90838,AK,,,
Headway,Regence BlueShield of Washington,99204,WA,,,
Headway,Regence BlueShield of Washington,99205,WA,,,
Headway,Regence BlueShield of Washington,99214,WA,,,
Headway,Regence BlueShield of Washington,99215,WA,,,
Headway,Regence BlueShield of Washington,90833,WA,,,
Headway,Regence BlueShield of Washington,90836,WA,,,
Headway,Regence BlueShield of Washington,90838,WA,,,
Headway,Regence BlueCross BlueShield of Oregon,99204,OR,,,
Headway,Regence BlueCross BlueShield of Oregon,99205,OR,,,
Headway,Regence BlueCross BlueShield of Oregon,99214,OR,,,
Headway,Regence BlueCross BlueShield of Oregon,99215,OR,,,
Headway,Regence BlueCross BlueShield of Oregon,90833,OR,,,
Headway,Regence BlueCross BlueShield of Oregon,90836,OR,,,
Headway,Regence BlueCross BlueShield of Oregon,90838,OR,,,
Headway,Blue Cross Blue Shield of Massachusetts,99204,MD,,,
Headway,Blue Cross Blue Shield of Massachusetts,99205,MD,,,
Headway,Blue Cross Blue Shield of Massachusetts,99214,MD,,,
Headway,Blue Cross Blue Shield of Massachusetts,99215,MD,,,
Headway,Blue Cross Blue Shield of Massachusetts,90833,MD,,,
Headway,Blue Cross Blue Shield of Massachusetts,90836,MD,,,
Headway,Blue Cross Blue Shield of Massachusetts,90838,MD,,,
Headway,Blue Cross Blue Shield of Massachusetts,99204,DC,,,
Headway,Blue Cross Blue Shield of Massachusetts,99205,DC,,,
Headway,Blue Cross Blue Shield of Massachusetts,99214,DC,,,
Headway,Blue Cross Blue Shield of Massachusetts,99215,DC,,,
Headway,Blue Cross Blue Shield of Massachusetts,90833,DC,,,
Headway,Blue Cross Blue Shield of Massachusetts,90836,DC,,,
Headway,Blue Cross Blue Shield of Massachusetts,90838,DC,,,
Headway,Blue Cross and Blue Shield of Minnesota,99204,MN,,,
Headway,Blue Cross and Blue Shield of Minnesota,99205,MN,,,
Headway,Blue Cross and Blue Shield of Minnesota,99214,MN,,,
Headway,Blue Cross and Blue Shield of Minnesota,99215,MN,,,
Headway,Blue Cross and Blue Shield of Minnesota,90833,MN,,,
Headway,Blue Cross and Blue Shield of Minnesota,90836,MN,,,
Headway,Blue Cross and Blue Shield of Minnesota,90838,MN,,,
Headway,Blue Cross Blue Shield of Arizona,99204,AZ,,,
Headway,Blue Cross Blue Shield of Arizona,99205,AZ,,,
Headway,Blue Cross Blue Shield of Arizona,99214,AZ,,,
Headway,Blue Cross Blue Shield of Arizona,99215,AZ,,,
Headway,Blue Cross Blue Shield of Arizona,90833,AZ,,,
Headway,Blue Cross Blue Shield of Arizona,90836,AZ,,,
Headway,Blue Cross Blue Shield of Arizona,90838,AZ,,,
Headway,Anthem Blue Cross and Blue Shield Colorado,99204,CO,,,
Headway,Anthem Blue Cross and Blue Shield Colorado,99205,CO,,,
Headway,Anthem Blue Cross and Blue Shield Colorado,99214,CO,,,
Headway,Anthem Blue Cross and Blue Shield Colorado,99215,CO,,,
Headway,Anthem Blue Cross and Blue Shield Colorado,90833,CO,,,
Headway,Anthem Blue Cross and Blue Shield Colorado,90836,CO,,,
Headway,Anthem Blue Cross and Blue Shield Colorado,90838,CO,,,
Headway,Independence Blue Cross Pennsylvania,99204,DC,,,
Headway,Independence Blue Cross Pennsylvania,99205,DC,,,
Headway,Independence Blue Cross Pennsylvania,99214,DC,,,
Headway,Independence Blue Cross Pennsylvania,99215,DC,,,
Headway,Independence Blue Cross Pennsylvania,90833,DC,,,
Headway,Independence Blue Cross Pennsylvania,90836,DC,,,
Headway,Independence Blue Cross Pennsylvania,90838,DC,,,
Headway,Independence Blue Cross Pennsylvania,99204,MD,,,
Headway,Independence Blue Cross Pennsylvania,99205,MD,,,
Headway,Independence Blue Cross Pennsylvania,99214,MD,,,
Headway,Independence Blue Cross Pennsylvania,99215,MD,,,
Headway,Independence Blue Cross Pennsylvania,90833,MD,,,
Headway,Independence Blue Cross Pennsylvania,90836,MD,,,
Headway,Independence Blue Cross Pennsylvania,90838,MD,,,
Headway,Horizon Blue Cross and Blue Shield of New Jersey,99204,DC,,,
Headway,Horizon Blue Cross and Blue Shield of New Jersey,99205,DC,,,
Headway,Horizon Blue Cross and Blue Shield of New Jersey,99214,DC,,,
Headway,Horizon Blue Cross and Blue Shield of New Jersey,99215,DC,,,
Headway,Horizon Blue Cross and Blue Shield of New Jersey,90833,DC,,,
Headway,Horizon Blue Cross and Blue Shield of New Jersey,90836,DC,,,
Headway,Horizon Blue Cross and Blue Shield of New Jersey,90838,DC,,,
Headway,Horizon Blue Cross and Blue Shield of New Jersey,99204,MD,,,
Headway,Horizon Blue Cross and Blue Shield of New Jersey,99205,MD,,,
Headway,Horizon Blue Cross and Blue Shield of New Jersey,99214,MD,,,
Headway,Horizon Blue Cross and Blue Shield of New Jersey,99215,MD,,,
Headway,Horizon Blue Cross and Blue Shield of New Jersey,90833,MD,,,
Headway,Horizon Blue Cross and Blue Shield of New Jersey,90836,MD,,,
Headway,Horizon Blue Cross and Blue Shield of New Jersey,90838,MD,,,
Headway,Ambetter Washington,99204,WA,,,
Headway,Ambetter Washington,99205,WA,,,
Headway,Ambetter Washington,99214,WA,,,
Headway,Ambetter Washington,99215,WA,,,
Headway,Ambetter Washington,90833,WA,,,
Headway,Ambetter Washington,90836,WA,,,
Headway,Ambetter Washington,90838,WA,,,
Alma,Optum/UHC/Oscar,99204,AK,,,
Alma,Optum/UHC/Oscar,99205,AK,,,
Alma,Optum/UHC/Oscar,99214,AK,,,
Alma,Optum/UHC/Oscar,99215,AK,,,
Alma,Optum/UHC/Oscar,90833,AK,,,
Alma,Optum/UHC/Oscar,90836,AK,,,
Alma,Optum/UHC/Oscar,90838,AK,,,
Alma,Optum/UHC/Oscar,99204,AZ,,,
Alma,Optum/UHC/Oscar,99205,AZ,,,
Alma,Optum/UHC/Oscar,99214,AZ,,,
Alma,Optum/UHC/Oscar,99215,AZ,,,
Alma,Optum/UHC/Oscar,90833,AZ,,,
Alma,Optum/UHC/Oscar,90836,AZ,,,
Alma,Optum/UHC/Oscar,90838,AZ,,,
Alma,Optum/UHC/Oscar,99204,CO,,,
Alma,Optum/UHC/Oscar,99205,CO,,,
Alma,Optum/UHC/Oscar,99214,CO,,,
Alma,Optum/UHC/Oscar,99215,CO,,,
Alma,Optum/UHC/Oscar,90833,CO,,,
Alma,Optum/UHC/Oscar,90836,CO,,,
Alma,Optum/UHC/Oscar,90838,CO,,,
Alma,Optum/UHC/Oscar,99204,DC,,,
Alma,Optum/UHC/Oscar,99205,DC,,,
Alma,Optum/UHC/Oscar,99214,DC,,,
Alma,Optum/UHC/Oscar,99215,DC,,,
Alma,Optum/UHC/Oscar,90833,DC,,,
Alma,Optum/UHC/Oscar,90836,DC,,,
Alma,Optum/UHC/Oscar,90838,DC,,,
Alma,Optum/UHC/Oscar,99204,FL,,,
Alma,Optum/UHC/Oscar,99205,FL,,,
Alma,Optum/UHC/Oscar,99214,FL,,,
Alma,Optum/UHC/Oscar,99215,FL,,,
Alma,Optum/UHC/Oscar,90833,FL,,,
Alma,Optum/UHC/Oscar,90836,FL,,,
Alma,Optum/UHC/Oscar,90838,FL,,,
Alma,Optum/UHC/Oscar,99204,IA,,,
Alma,Optum/UHC/Oscar,99205,IA,,,
Alma,Optum/UHC/Oscar,99214,IA,,,
Alma,Optum/UHC/Oscar,99215,IA,,,
Alma,Optum/UHC/Oscar,90833,IA,,,
Alma,Optum/UHC/Oscar,90836,IA,,,
Alma,Optum/UHC/Oscar,90838,IA,,,
Alma,Optum/UHC/Oscar,99204,MD,,,
Alma,Optum/UHC/Oscar,99205,MD,,,
Alma,Optum/UHC/Oscar,99214,MD,,,
Alma,Optum/UHC/Oscar,99215,MD,,,
Alma,Optum/UHC/Oscar,90833,MD,,,
Alma,Optum/UHC/Oscar,90836,MD,,,
Alma,Optum/UHC/Oscar,90838,MD,,,
Alma,Optum/UHC/Oscar,99204,MN,,,
Alma,Optum/UHC/Oscar,99205,MN,,,
Alma,Optum/UHC/Oscar,99214,MN,,,
Alma,Optum/UHC/Oscar,99215,MN,,,
Alma,Optum/UHC/Oscar,90833,MN,,,
Alma,Optum/UHC/Oscar,90836,MN,,,
Alma,Optum/UHC/Oscar,90838,MN,,,
Alma,Optum/UHC/Oscar,99204,MT,,,
Alma,Optum/UHC/Oscar,99205,MT,,,
Alma,Optum/UHC/Oscar,99214,MT,,,
Alma,Optum/UHC/Oscar,99215,MT,,,
Alma,Optum/UHC/Oscar,90833,MT,,,
Alma,Optum/UHC/Oscar,90836,MT,,,
Alma,Optum/UHC/Oscar,90838,MT,,,
Alma,Optum/UHC/Oscar,99204,OR,,,
Alma,Optum/UHC/Oscar,99205,OR,,,
Alma,Optum/UHC/Oscar,99214,OR,,,
Alma,Optum/UHC/Oscar,99215,OR,,,
Alma,Optum/UHC/Oscar,90833,OR,,,
Alma,Optum/UHC/Oscar,90836,OR,,,
Alma,Optum/UHC/Oscar,90838,OR,,,
Alma,Optum/UHC/Oscar,99204,WA,,,
Alma,Optum/UHC/Oscar,99205,WA,,,
Alma,Optum/UHC/Oscar,99214,WA,,,
Alma,Optum/UHC/Oscar,99215,WA,,,
Alma,Optum/UHC/Oscar,90833,WA,,,
Alma,Optum/UHC/Oscar,90836,WA,,,
Alma,Optum/UHC/Oscar,90838,WA,,,
Alma,Aetna,99204,AK,,,
Alma,Aetna,99205,AK,,,
Alma,Aetna,99214,AK,,,
Alma,Aetna,99215,AK,,,
Alma,Aetna,90833,AK,,,
Alma,Aetna,90836,AK,,,
Alma,Aetna,90838,AK,,,
Alma,Aetna,99204,AZ,,,
Alma,Aetna,99205,AZ,,,
Alma,Aetna,99214,AZ,,,
Alma,Aetna,99215,AZ,,,
Alma,Aetna,90833,AZ,,,
Alma,Aetna,90836,AZ,,,
Alma,Aetna,90838,AZ,,,
Alma,Aetna,99204,CO,,,
Alma,Aetna,99205,CO,,,
Alma,Aetna,99214,CO,,,
Alma,Aetna,99215,CO,,,
Alma,Aetna,90833,CO,,,
Alma,Aetna,90836,CO,,,
Alma,Aetna,90838,CO,,,
Alma,Aetna,99204,DC,,,
Alma,Aetna,99205,DC,,,
Alma,Aetna,99214,DC,,,
Alma,Aetna,99215,DC,,,
Alma,Aetna,90833,DC,,,
Alma,Aetna,90836,DC,,,
Alma,Aetna,90838,DC,,,
Alma,Aetna,99204,FL,,,
Alma,Aetna,99205,FL,,,
Alma,Aetna,99214,FL,,,
Alma,Aetna,99215,FL,,,
Alma,Aetna,90833,FL,,,
Alma,Aetna,90836,FL,,,
Alma,Aetna,90838,FL,,,
Alma,Aetna,99204,IA,,,
Alma,Aetna,99205,IA,,,
Alma,Aetna,99214,IA,,,
Alma,Aetna,99215,IA,,,
Alma,Aetna,90833,IA,,,
Alma,Aetna,90836,IA,,,
Alma,Aetna,90838,IA,,,
Alma,Aetna,99204,MD,,,
Alma,Aetna,99205,MD,,,
Alma,Aetna,99214,MD,,,
Alma,Aetna,99215,MD,,,
Alma,Aetna,90833,MD,,,
Alma,Aetna,90836,MD,,,
Alma,Aetna,90838,MD,,,
Alma,Aetna,99204,MN,,,
Alma,Aetna,99205,MN,,,
Alma,Aetna,99214,MN,,,
Alma,Aetna,99215,MN,,,
Alma,Aetna,90833,MN,,,
Alma,Aetna,90836,MN,,,
Alma,Aetna,90838,MN,,,
Alma,Aetna,99204,MT,,,
Alma,Aetna,99205,MT,,,
Alma,Aetna,99214,MT,,,
Alma,Aetna,99215,MT,,,
Alma,Aetna,90833,MT,,,
Alma,Aetna,90836,MT,,,
Alma,Aetna,90838,MT,,,
Alma,Aetna,99204,OR,,,
Alma,Aetna,99205,OR,,,
Alma,Aetna,99214,OR,,,
Alma,Aetna,99215,OR,,,
Alma,Aetna,90833,OR,,,
Alma,Aetna,90836,OR,,,
Alma,Aetna,90838,OR,,,
Alma,Aetna,99204,WA,,,
Alma,Aetna,99205,WA,,,
Alma,Aetna,99214,WA,,,
Alma,Aetna,99215,WA,,,
Alma,Aetna,90833,WA,,,
Alma,Aetna,90836,WA,,,
Alma,Aetna,90838,WA,,,
Alma,Cigna,99204,AK,,,
Alma,Cigna,99205,AK,,,
Alma,Cigna,99214,AK,,,
Alma,Cigna,99215,AK,,,
Alma,Cigna,90833,AK,,,
Alma,Cigna,90836,AK,,,
Alma,Cigna,90838,AK,,,
Alma,Cigna,99204,AZ,,,
Alma,Cigna,99205,AZ,,,
Alma,Cigna,99214,AZ,,,
Alma,Cigna,99215,AZ,,,
Alma,Cigna,90833,AZ,,,
Alma,Cigna,90836,AZ,,,
Alma,Cigna,90838,AZ,,,
Alma,Cigna,99204,CO,,,
Alma,Cigna,99205,CO,,,
Alma,Cigna,99214,CO,,,
Alma,Cigna,99215,CO,,,
Alma,Cigna,90833,CO,,,
Alma,Cigna,90836,CO,,,
Alma,Cigna,90838,CO,,,
Alma,Cigna,99204,CT,,,
Alma,Cigna,99205,CT,,,
Alma,Cigna,99214,CT,,,
Alma,Cigna,99215,CT,,,
Alma,Cigna,90833,CT,,,
Alma,Cigna,90836,CT,,,
Alma,Cigna,90838,CT,,,
Alma,Cigna,99204,DC,,,
Alma,Cigna,99205,DC,,,
Alma,Cigna,99214,DC,,,
Alma,Cigna,99215,DC,,,
Alma,Cigna,90833,DC,,,
Alma,Cigna,90836,DC,,,
Alma,Cigna,90838,DC,,,
Alma,Cigna,99204,FL,,,
Alma,Cigna,99205,FL,,,
Alma,Cigna,99214,FL,,,
Alma,Cigna,99215,FL,,,
Alma,Cigna,90833,FL,,,
Alma,Cigna,90836,FL,,,
Alma,Cigna,90838,FL,,,
Alma,Cigna,99204,IA,,,
Alma,Cigna,99205,IA,,,
Alma,Cigna,99214,IA,,,
Alma,Cigna,99215,IA,,,
Alma,Cigna,90833,IA,,,
Alma,Cigna,90836,IA,,,
Alma,Cigna,90838,IA,,,
Alma,Cigna,99204,ID,,,
Alma,Cigna,99205,ID,,,
Alma,Cigna,99214,ID,,,
Alma,Cigna,99215,ID,,,
Alma,Cigna,90833,ID,,,
Alma,Cigna,90836,ID,,,
Alma,Cigna,90838,ID,,,
Alma,Cigna,99204,MD,,,
Alma,Cigna,99205,MD,,,
Alma,Cigna,99214,MD,,,
Alma,Cigna,99215,MD,,,
Alma,Cigna,90833,MD,,,
Alma,Cigna,90836,MD,,,
Alma,Cigna,90838,MD,,,
Alma,Cigna,99204,MN,,,
Alma,Cigna,99205,MN,,,
Alma,Cigna,99214,MN,,,
Alma,Cigna,99215,MN,,,
Alma,Cigna,90833,MN,,,
Alma,Cigna,90836,MN,,,
Alma,Cigna,90838,MN,,,
Alma,Cigna,99204,MT,,,
Alma,Cigna,99205,MT,,,
Alma,Cigna,99214,MT,,,
Alma,Cigna,99215,MT,,,
Alma,Cigna,90833,MT,,,
Alma,Cigna,90836,MT,,,
Alma,Cigna,90838,MT,,,
Alma,Cigna,99204,ND,,,
Alma,Cigna,99205,ND,,,
Alma,Cigna,99214,ND,,,
Alma,Cigna,99215,ND,,,
Alma,Cigna,90833,ND,,,
Alma,Cigna,90836,ND,,,
Alma,Cigna,90838,ND,,,
Alma,Cigna,99204,NE,,,
Alma,Cigna,99205,NE,,,
Alma,Cigna,99214,NE,,,
Alma,Cigna,99215,NE,,,
Alma,Cigna,90833,NE,,,
Alma,Cigna,90836,NE,,,
Alma,Cigna,90838,NE,,,
Alma,Cigna,99204,NM,,,
Alma,Cigna,99205,NM,,,
Alma,Cigna,99214,NM,,,
Alma,Cigna,99215,NM,,,
Alma,Cigna,90833,NM,,,
Alma,Cigna,90836,NM,,,
Alma,Cigna,90838,NM,,,
Alma,Cigna,99204,OR,,,
Alma,Cigna,99205,OR,,,
Alma,Cigna,99214,OR,,,
Alma,Cigna,99215,OR,,,
Alma,Cigna,90833,OR,,,
Alma,Cigna,90836,OR,,,
Alma,Cigna,90838,OR,,,
Alma,Cigna,99204,WA,,,
Alma,Cigna,99205,WA,,,
Alma,Cigna,99214,WA,,,
Alma,Cigna,99215,WA,,,
Alma,Cigna,90833,WA,,,
Alma,Cigna,90836,WA,,,
Alma,Cigna,90838,WA,,,
Alma,BCBS - Florida,99204,FL,,,
Alma,BCBS - Florida,99205,FL,,,
Alma,BCBS - Florida,99214,FL,,,
Alma,BCBS - Florida,99215,FL,,,
Alma,BCBS - Florida,90833,FL,,,
Alma,BCBS - Florida,90836,FL,,,
Alma,BCBS - Florida,90838,FL,,,
Alma,United Healthcare,99204,FL,,,
Alma,United Healthcare,99205,FL,,,
Alma,United Healthcare,99214,FL,,,
Alma,United Healthcare,99215,FL,,,
Alma,United Healthcare,90833,FL,,,
Alma,United Healthcare,90836,FL,,,
Alma,United Healthcare,90838,FL,,,
Alma,United Healthcare,99204,WA,,,
Alma,United Healthcare,99205,WA,,,
Alma,United Healthcare,99214,WA,,,
Alma,United Healthcare,99215,WA,,,
Alma,United Healthcare,90833,WA,,,
Alma,United Healthcare,90836,WA,,,
Alma,United Healthcare,90838,WA,,,
Alma,United Healthcare,99204,OR,,,
Alma,United Healthcare,99205,OR,,,
Alma,United Healthcare,99214,OR,,,
Alma,United Healthcare,99215,OR,,,
Alma,United Healthcare,90833,OR,,,
Alma,United Healthcare,90836,OR,,,
Alma,United Healthcare,90838,OR,,,
Alma,United Healthcare - Navigate,99204,FL,,,
Alma,United Healthcare - Navigate,99205,FL,,,
Alma,United Healthcare - Navigate,99214,FL,,,
Alma,United Healthcare - Navigate,99215,FL,,,
Alma,United Healthcare - Navigate,90833,FL,,,
Alma,United Healthcare - Navigate,90836,FL,,,
Alma,United Healthcare - Navigate,90838,FL,,,
Alma,United Healthcare - Navigate,99204,WA,,,
Alma,United Healthcare - Navigate,99205,WA,,,
Alma,United Healthcare - Navigate,99214,WA,,,
Alma,United Healthcare - Navigate,99215,WA,,,
Alma,United Healthcare - Navigate,90833,WA,,,
Alma,United Healthcare - Navigate,90836,WA,,,
Alma,United Healthcare - Navigate,90838,WA,,,
Alma,United Healthcare - Select Plus,99204,FL,,,
Alma,United Healthcare - Select Plus,99205,FL,,,
Alma,United Healthcare - Select Plus,99214,FL,,,
Alma,United Healthcare - Select Plus,99215,FL,,,
Alma,United Healthcare - Select Plus,90833,FL,,,
Alma,United Healthcare - Select Plus,90836,FL,,,
Alma,United Healthcare - Select Plus,90838,FL,,,
Alma,United Health Care - Choice Plus,99204,FL,,,
Alma,United Health Care - Choice Plus,99205,FL,,,
Alma,United Health Care - Choice Plus,99214,FL,,,
Alma,United Health Care - Choice Plus,99215,FL,,,
Alma,United Health Care - Choice Plus,90833,FL,,,
Alma,United Health Care - Choice Plus,90836,FL,,,
Alma,United Health Care - Choice Plus,90838,FL,,,
Alma,United Health Care - Choice Plus,99204,WA,,,
Alma,United Health Care - Choice Plus,99205,WA,,,
Alma,United Health Care - Choice Plus,99214,WA,,,
Alma,United Health Care - Choice Plus,99215,WA,,,
Alma,United Health Care - Choice Plus,90833,WA,,,
Alma,United Health Care - Choice Plus,90836,WA,,,
Alma,United Health Care - Choice Plus,90838,WA,,,
Alma,United Health Care - Choice Plus,99204,OR,,,
Alma,United Health Care - Choice Plus,99205,OR,,,
Alma,United Health Care - Choice Plus,99214,OR,,,
Alma,United Health Care - Choice Plus,99215,OR,,,
Alma,United Health Care - Choice Plus,90833,OR,,,
Alma,United Health Care - Choice Plus,90836,OR,,,
Alma,United Health Care - Choice Plus,90838,OR,,,
Alma,Cigna - Open Access Plus,99204,FL,,,
Alma,Cigna - Open Access Plus,99205,FL,,,
Alma,Cigna - Open Access Plus,99214,FL,,,
Alma,Cigna - Open Access Plus,99215,FL,,,
Alma,Cigna - Open Access Plus,90833,FL,,,
Alma,Cigna - Open Access Plus,90836,FL,,,
Alma,Cigna - Open Access Plus,90838,FL,,,
Alma,Cigna - Open Access Plus,99204,CO,,,
Alma,Cigna - Open Access Plus,99205,CO,,,
Alma,Cigna - Open Access Plus,99214,CO,,,
Alma,Cigna - Open Access Plus,99215,CO,,,
Alma,Cigna - Open Access Plus,90833,CO,,,
Alma,Cigna - Open Access Plus,90836,CO,,,
Alma,Cigna - Open Access Plus,90838,CO,,,
Alma,Cigna - Open Access Plus,99204,OR,,,
Alma,Cigna - Open Access Plus,99205,OR,,,
Alma,Cigna - Open Access Plus,99214,OR,,,
Alma,Cigna - Open Access Plus,99215,OR,,,
Alma,Cigna - Open Access Plus,90833,OR,,,
Alma,Cigna - Open Access Plus,90836,OR,,,
Alma,Cigna - Open Access Plus,90838,OR,,,
Alma,Cigna - Open Access Plus,99204,WA,,,
Alma,Cigna - Open Access Plus,99205,WA,,,
Alma,Cigna - Open Access Plus,99214,WA,,,
Alma,Cigna - Open Access Plus,99215,WA,,,
Alma,Cigna - Open Access Plus,90833,WA,,,
Alma,Cigna - Open Access Plus,90836,WA,,,
Alma,Cigna - Open Access Plus,90838,WA,,,
Alma,Cigna - LocalPlus IN,99204,FL,,,
Alma,Cigna - LocalPlus IN,99205,FL,,,
Alma,Cigna - LocalPlus IN,99214,FL,,,
Alma,Cigna - LocalPlus IN,99215,FL,,,
Alma,Cigna - LocalPlus IN,90833,FL,,,
Alma,Cigna - LocalPlus IN,90836,FL,,,
Alma,Cigna - LocalPlus IN,90838,FL,,,
Alma,Cigna - PPO - HSA Plus,99204,FL,,,
Alma,Cigna - PPO - HSA Plus,99205,FL,,,
Alma,Cigna - PPO - HSA Plus,99214,FL,,,
Alma,Cigna - PPO - HSA Plus,99215,FL,,,
Alma,Cigna - PPO - HSA Plus,90833,FL,,,
Alma,Cigna - PPO - HSA Plus,90836,FL,,,
Alma,Cigna - PPO - HSA Plus,90838,FL,,,
Alma,Florida Blue,99204,FL,,,
Alma,Florida Blue,99205,FL,,,
Alma,Florida Blue,99214,FL,,,
Alma,Florida Blue,99215,FL,,,
Alma,Florida Blue,90833,FL,,,
Alma,Florida Blue,90836,FL,,,
Alma,Florida Blue,90838,FL,,,
Alma,Oscar Health Insurance,99204,FL,,,
Alma,Oscar Health Insurance,99205,FL,,,
Alma,Oscar Health Insurance,99214,FL,,,
Alma,Oscar Health Insurance,99215,FL,,,
Alma,Oscar Health Insurance,90833,FL,,,
Alma,Oscar Health Insurance,90836,FL,,,
Alma,Oscar Health Insurance,90838,FL,,,
Alma,Oxford,99204,DC,,,
Alma,Oxford,99205,DC,,,
Alma,Oxford,99214,DC,,,
Alma,Oxford,99215,DC,,,
Alma,Oxford,90833,DC,,,
Alma,Oxford,90836,DC,,,
Alma,Oxford,90838,DC,,,
Alma,Oxford,99204,MD,,,
Alma,Oxford,99205,MD,,,
Alma,Oxford,99214,MD,,,
Alma,Oxford,99215,MD,,,
Alma,Oxford,90833,MD,,,
Alma,Oxford,90836,MD,,,
Alma,Oxford,90838,MD,,,
Alma,UMR,99204,FL,,,
Alma,UMR,99205,FL,,,
Alma,UMR,99214,FL,,,
Alma,UMR,99215,FL,,,
Alma,UMR,90833,FL,,,
Alma,UMR,90836,FL,,,
Alma,UMR,90838,FL,,,
Alma,UMR,99204,WA,,,
Alma,UMR,99205,WA,,,
Alma,UMR,99214,WA,,,
Alma,UMR,99215,WA,,,
Alma,UMR,90833,WA,,,
Alma,UMR,90836,WA,,,
Alma,UMR,90838,WA,,,
Alma,UMR,99204,OR,,,
Alma,UMR,99205,OR,,,
Alma,UMR,99214,OR,,,
Alma,UMR,99215,OR,,,
Alma,UMR,90833,OR,,,
Alma,UMR,90836,OR,,,
Alma,UMR,90838,OR,,,
Alma,UMR - United Healthcare Choice Plus network,99204,WA,,,
Alma,UMR - United Healthcare Choice Plus network,99205,WA,,,
Alma,UMR - United Healthcare Choice Plus network,99214,WA,,,
Alma,UMR - United Healthcare Choice Plus network,99215,WA,,,
Alma,UMR - United Healthcare Choice Plus network,90833,WA,,,
Alma,UMR - United Healthcare Choice Plus network,90836,WA,,,
Alma,UMR - United Healthcare Choice Plus network,90838,WA,,,
Alma,Surest,99204,MN,,,
Alma,Surest,99205,MN,,,
Alma,Surest,99214,MN,,,
Alma,Surest,99215,MN,,,
Alma,Surest,90833,MN,,,
Alma,Surest,90836,MN,,,
Alma,Surest,90838,MN,,,
Alma,Surest,99204,WA,,,
Alma,Surest,99205,WA,,,
Alma,Surest,99214,WA,,,
Alma,Surest,99215,WA,,,
Alma,Surest,90833,WA,,,
Alma,Surest,90836,WA,,,
Alma,Surest,90838,WA,,,
Alma,Surest - United Healthcare Choice Network,99204,MN,,,
Alma,Surest - United Healthcare Choice Network,99205,MN,,,
Alma,Surest - United Healthcare Choice Network,99214,MN,,,
Alma,Surest - United Healthcare Choice Network,99215,MN,,,
Alma,Surest - United Healthcare Choice Network,90833,MN,,,
Alma,Surest - United Healthcare Choice Network,90836,MN,,,
Alma,Surest - United Healthcare Choice Network,90838,MN,,,
Alma,Medica - United Healthcare,99204,MN,,,
Alma,Medica - United Healthcare,99205,MN,,,
Alma,Medica - United Healthcare,99214,MN,,,
Alma,Medica - United Healthcare,99215,MN,,,
Alma,Medica - United Healthcare,90833,MN,,,
Alma,Medica - United Healthcare,90836,MN,,,
Alma,Medica - United Healthcare,90838,MN,,,
Alma,Blue Cross Blue Shield,99204,FL,,,
Alma,Blue Cross Blue Shield,99205,FL,,,
Alma,Blue Cross Blue Shield,99214,FL,,,
Alma,Blue Cross Blue Shield,99215,FL,,,
Alma,Blue Cross Blue Shield,90833,FL,,,
Alma,Blue Cross Blue Shield,90836,FL,,,
Alma,Blue Cross Blue Shield,90838,FL,,,
Alma,Blue Cross Blue Shield,99204,OR,,,
Alma,Blue Cross Blue Shield,99205,OR,,,
Alma,Blue Cross Blue Shield,99214,OR,,,
Alma,Blue Cross Blue Shield,99215,OR,,,
Alma,Blue Cross Blue Shield,90833,OR,,,
Alma,Blue Cross Blue Shield,90836,OR,,,
Alma,Blue Cross Blue Shield,90838,OR,,,
Alma,Blue Cross Blue Shield,99204,WA,,,
Alma,Blue Cross Blue Shield,99205,WA,,,
Alma,Blue Cross Blue Shield,99214,WA,,,
Alma,Blue Cross Blue Shield,99215,WA,,,
Alma,Blue Cross Blue Shield,90833,WA,,,
Alma,Blue Cross Blue Shield,90836,WA,,,
Alma,Blue Cross Blue Shield,90838,WA,,,
Alma,Blue Cross Blue Shield of Massachusetts,99204,DC,,,
Alma,Blue Cross Blue Shield of Massachusetts,99205,DC,,,
Alma,Blue Cross Blue Shield of Massachusetts,99214,DC,,,
Alma,Blue Cross Blue Shield of Massachusetts,99215,DC,,,
Alma,Blue Cross Blue Shield of Massachusetts,90833,DC,,,
Alma,Blue Cross Blue Shield of Massachusetts,90836,DC,,,
Alma,Blue Cross Blue Shield of Massachusetts,90838,DC,,,
Alma,Blue Cross Blue Shield of Massachusetts,99204,MD,,,
Alma,Blue Cross Blue Shield of Massachusetts,99205,MD,,,
Alma,Blue Cross Blue Shield of Massachusetts,99214,MD,,,
Alma,Blue Cross Blue Shield of Massachusetts,99215,MD,,,
Alma,Blue Cross Blue Shield of Massachusetts,90833,MD,,,
Alma,Blue Cross Blue Shield of Massachusetts,90836,MD,,,
Alma,Blue Cross Blue Shield of Massachusetts,90838,MD,,,
Alma,BCBS - Anthem,99204,CO,,,
Alma,BCBS - Anthem,99205,CO,,,
Alma,BCBS - Anthem,99214,CO,,,
Alma,BCBS - Anthem,99215,CO,,,
Alma,BCBS - Anthem,90833,CO,,,
Alma,BCBS - Anthem,90836,CO,,,
Alma,BCBS - Anthem,90838,CO,,,
Alma,Aetna Choice POS II - Meritain Health plan,99204,FL,,,
Alma,Aetna Choice POS II - Meritain Health plan,99205,FL,,,
Alma,Aetna Choice POS II - Meritain Health plan,99214,FL,,,
Alma,Aetna Choice POS II - Meritain Health plan,99215,FL,,,
Alma,Aetna Choice POS II - Meritain Health plan,90833,FL,,,
Alma,Aetna Choice POS II - Meritain Health plan,90836,FL,,,
Alma,Aetna Choice POS II - Meritain Health plan,90838,FL,,,
Alma,Meritain Health,99204,FL,,,
Alma,Meritain Health,99205,FL,,,
Alma,Meritain Health,99214,FL,,,
Alma,Meritain Health,99215,FL,,,
Alma,Meritain Health,90833,FL,,,
Alma,Meritain Health,90836,FL,,,
Alma,Meritain Health,90838,FL,,,
Alma,NALC Health Benefit Plan,99204,DC,,,
Alma,NALC Health Benefit Plan,99205,DC,,,
Alma,NALC Health Benefit Plan,99214,DC,,,
Alma,NALC Health Benefit Plan,99215,DC,,,
Alma,NALC Health Benefit Plan,90833,DC,,,
Alma,NALC Health Benefit Plan,90836,DC,,,
Alma,NALC Health Benefit Plan,90838,DC,,,
Alma,NALC Health Benefit Plan,99204,MD,,,
Alma,NALC Health Benefit Plan,99205,MD,,,
Alma,NALC Health Benefit Plan,99214,MD,,,
Alma,NALC Health Benefit Plan,99215,MD,,,
Alma,NALC Health Benefit Plan,90833,MD,,,
Alma,NALC Health Benefit Plan,90836,MD,,,
Alma,NALC Health Benefit Plan,90838,MD,,,
Alma,PacificSource,99204,OR,,,
Alma,PacificSource,99205,OR,,,
Alma,PacificSource,99214,OR,,,
Alma,PacificSource,99215,OR,,,
Alma,PacificSource,90833,OR,,,
Alma,PacificSource,90836,OR,,,
Alma,PacificSource,90838,OR,,,
Alma,PacificSource,99204,MT,,,
Alma,PacificSource,99205,MT,,,
Alma,PacificSource,99214,MT,,,
Alma,PacificSource,99215,MT,,,
Alma,PacificSource,90833,MT,,,
Alma,PacificSource,90836,MT,,,
Alma,PacificSource,90838,MT,,,
Grow Therapy,Optum/UHC/Oscar,99204,AK,,,
Grow Therapy,Optum/UHC/Oscar,99205,AK,,,
Grow Therapy,Optum/UHC/Oscar,99214,AK,,,
Grow Therapy,Optum/UHC/Oscar,99215,AK,,,
Grow Therapy,Optum/UHC/Oscar,90833,AK,,,
Grow Therapy,Optum/UHC/Oscar,90836,AK,,,
Grow Therapy,Optum/UHC/Oscar,90838,AK,,,
Grow Therapy,Optum/UHC/Oscar,99204,AZ,,,
Grow Therapy,Optum/UHC/Oscar,99205,AZ,,,
Grow Therapy,Optum/UHC/Oscar,99214,AZ,,,
Grow Therapy,Optum/UHC/Oscar,99215,AZ,,,
Grow Therapy,Optum/UHC/Oscar,90833,AZ,,,
Grow Therapy,Optum/UHC/Oscar,90836,AZ,,,
Grow Therapy,Optum/UHC/Oscar,90838,AZ,,,
Grow Therapy,Optum/UHC/Oscar,99204,CO,,,
Grow Therapy,Optum/UHC/Oscar,99205,CO,,,
Grow Therapy,Optum/UHC/Oscar,99214,CO,,,
Grow Therapy,Optum/UHC/Oscar,99215,CO,,,
Grow Therapy,Optum/UHC/Oscar,90833,CO,,,
Grow Therapy,Optum/UHC/Oscar,90836,CO,,,
Grow Therapy,Optum/UHC/Oscar,90838,CO,,,
Grow Therapy,Optum/UHC/Oscar,99204,DC,,,
Grow Therapy,Optum/UHC/Oscar,99205,DC,,,
Grow Therapy,Optum/UHC/Oscar,99214,DC,,,
Grow Therapy,Optum/UHC/Oscar,99215,DC,,,
Grow Therapy,Optum/UHC/Oscar,90833,DC,,,
Grow Therapy,Optum/UHC/Oscar,90836,DC,,,
Grow Therapy,Optum/UHC/Oscar,90838,DC,,,
Grow Therapy,Optum/UHC/Oscar,99204,FL,,,
Grow Therapy,Optum/UHC/Oscar,99205,FL,,,
Grow Therapy,Optum/UHC/Oscar,99214,FL,,,
Grow Therapy,Optum/UHC/Oscar,99215,FL,,,
Grow Therapy,Optum/UHC/Oscar,90833,FL,,,
Grow Therapy,Optum/UHC/Oscar,90836,FL,,,
Grow Therapy,Optum/UHC/Oscar,90838,FL,,,
Grow Therapy,Optum/UHC/Oscar,99204,IA,,,
Grow Therapy,Optum/UHC/Oscar,99205,IA,,,
Grow Therapy,Optum/UHC/Oscar,99214,IA,,,
Grow Therapy,Optum/UHC/Oscar,99215,IA,,,
Grow Therapy,Optum/UHC/Oscar,90833,IA,,,
Grow Therapy,Optum/UHC/Oscar,90836,IA,,,
Grow Therapy,Optum/UHC/Oscar,90838,IA,,,
Grow Therapy,Optum/UHC/Oscar,99204,MD,,,
Grow Therapy,Optum/UHC/Oscar,99205,MD,,,
Grow Therapy,Optum/UHC/Oscar,99214,MD,,,
Grow Therapy,Optum/UHC/Oscar,99215,MD,,,
Grow Therapy,Optum/UHC/Oscar,90833,MD,,,
Grow Therapy,Optum/UHC/Oscar,90836,MD,,,
Grow Therapy,Optum/UHC/Oscar,90838,MD,,,
Grow Therapy,Optum/UHC/Oscar,99204,MN,,,
Grow Therapy,Optum/UHC/Oscar,99205,MN,,,
Grow Therapy,Optum/UHC/Oscar,99214,MN,,,
Grow Therapy,Optum/UHC/Oscar,99215,MN,,,
Grow Therapy,Optum/UHC/Oscar,90833,MN,,,
Grow Therapy,Optum/UHC/Oscar,90836,MN,,,
Grow Therapy,Optum/UHC/Oscar,90838,MN,,,
Grow Therapy,Optum/UHC/Oscar,99204,MT,,,
Grow Therapy,Optum/UHC/Oscar,99205,MT,,,
Grow Therapy,Optum/UHC/Oscar,99214,MT,,,
Grow Therapy,Optum/UHC/Oscar,99215,MT,,,
Grow Therapy,Optum/UHC/Oscar,90833,MT,,,
Grow Therapy,Optum/UHC/Oscar,90836,MT,,,
Grow Therapy,Optum/UHC/Oscar,90838,MT,,,
Grow Therapy,Optum/UHC/Oscar,99204,OR,,,
Grow Therapy,Optum/UHC/Oscar,99205,OR,,,
Grow Therapy,Optum/UHC/Oscar,99214,OR,,,
Grow Therapy,Optum/UHC/Oscar,99215,OR,,,
Grow Therapy,Optum/UHC/Oscar,90833,OR,,,
Grow Therapy,Optum/UHC/Oscar,90836,OR,,,
Grow Therapy,Optum/UHC/Oscar,90838,OR,,,
Grow Therapy,Optum/UHC/Oscar,99204,WA,,,
Grow Therapy,Optum/UHC/Oscar,99205,WA,,,
Grow Therapy,Optum/UHC/Oscar,99214,WA,,,
Grow Therapy,Optum/UHC/Oscar,99215,WA,,,
Grow Therapy,Optum/UHC/Oscar,90833,WA,,,
Grow Therapy,Optum/UHC/Oscar,90836,WA,,,
Grow Therapy,Optum/UHC/Oscar,90838,WA,,,
Grow Therapy,Aetna,99204,AK,,,
Grow Therapy,Aetna,99205,AK,,,
Grow Therapy,Aetna,99214,AK,,,
Grow Therapy,Aetna,99215,AK,,,
Grow Therapy,Aetna,90833,AK,,,
Grow Therapy,Aetna,90836,AK,,,
Grow Therapy,Aetna,90838,AK,,,
Grow Therapy,Aetna,99204,AZ,,,
Grow Therapy,Aetna,99205,AZ,,,
Grow Therapy,Aetna,99214,AZ,,,
Grow Therapy,Aetna,99215,AZ,,,
Grow Therapy,Aetna,90833,AZ,,,
Grow Therapy,Aetna,90836,AZ,,,
Grow Therapy,Aetna,90838,AZ,,,
Grow Therapy,Aetna,99204,CO,,,
Grow Therapy,Aetna,99205,CO,,,
Grow Therapy,Aetna,99214,CO,,,
Grow Therapy,Aetna,99215,CO,,,
Grow Therapy,Aetna,90833,CO,,,
Grow Therapy,Aetna,90836,CO,,,
Grow Therapy,Aetna,90838,CO,,,
Grow Therapy,Aetna,99204,DC,,,
Grow Therapy,Aetna,99205,DC,,,
Grow Therapy,Aetna,99214,DC,,,
Grow Therapy,Aetna,99215,DC,,,
Grow Therapy,Aetna,90833,DC,,,
Grow Therapy,Aetna,90836,DC,,,
Grow Therapy,Aetna,90838,DC,,,
Grow Therapy,Aetna,99204,FL,,,
Grow Therapy,Aetna,99205,FL,,,
Grow Therapy,Aetna,99214,FL,,,
Grow Therapy,Aetna,99215,FL,,,
Grow Therapy,Aetna,90833,FL,,,
Grow Therapy,Aetna,90836,FL,,,
Grow Therapy,Aetna,90838,FL,,,
Grow Therapy,Aetna,99204,IA,,,
Grow Therapy,Aetna,99205,IA,,,
Grow Therapy,Aetna,99214,IA,,,
Grow Therapy,Aetna,99215,IA,,,
Grow Therapy,Aetna,90833,IA,,,
Grow Therapy,Aetna,90836,IA,,,
Grow Therapy,Aetna,90838,IA,,,
Grow Therapy,Aetna,99204,MD,,,
Grow Therapy,Aetna,99205,MD,,,
Grow Therapy,Aetna,99214,MD,,,
Grow Therapy,Aetna,99215,MD,,,
Grow Therapy,Aetna,90833,MD,,,
Grow Therapy,Aetna,90836,MD,,,
Grow Therapy,Aetna,90838,MD,,,
Grow Therapy,Aetna,99204,MN,,,
Grow Therapy,Aetna,99205,MN,,,
Grow Therapy,Aetna,99214,MN,,,
Grow Therapy,Aetna,99215,MN,,,
Grow Therapy,Aetna,90833,MN,,,
Grow Therapy,Aetna,90836,MN,,,
Grow Therapy,Aetna,90838,MN,,,
Grow Therapy,Aetna,99204,MT,,,
Grow Therapy,Aetna,99205,MT,,,
Grow Therapy,Aetna,99214,MT,,,
Grow Therapy,Aetna,99215,MT,,,
Grow Therapy,Aetna,90833,MT,,,
Grow Therapy,Aetna,90836,MT,,,
Grow Therapy,Aetna,90838,MT,,,
Grow Therapy,Aetna,99204,OR,,,
Grow Therapy,Aetna,99205,OR,,,
Grow Therapy,Aetna,99214,OR,,,
Grow Therapy,Aetna,99215,OR,,,
Grow Therapy,Aetna,90833,OR,,,
Grow Therapy,Aetna,90836,OR,,,
Grow Therapy,Aetna,90838,OR,,,
Grow Therapy,Aetna,99204,WA,,,
Grow Therapy,Aetna,99205,WA,,,
Grow Therapy,Aetna,99214,WA,,,
Grow Therapy,Aetna,99215,WA,,,
Grow Therapy,Aetna,90833,WA,,,
Grow Therapy,Aetna,90836,WA,,,
Grow Therapy,Aetna,90838,WA,,,
Grow Therapy,Cigna,99204,AK,,,
Grow Therapy,Cigna,99205,AK,,,
Grow Therapy,Cigna,99214,AK,,,
Grow Therapy,Cigna,99215,AK,,,
Grow Therapy,Cigna,90833,AK,,,
Grow Therapy,Cigna,90836,AK,,,
Grow Therapy,Cigna,90838,AK,,,
Grow Therapy,Cigna,99204,AZ,,,
Grow Therapy,Cigna,99205,AZ,,,
Grow Therapy,Cigna,99214,AZ,,,
Grow Therapy,Cigna,99215,AZ,,,
Grow Therapy,Cigna,90833,AZ,,,
Grow Therapy,Cigna,90836,AZ,,,
Grow Therapy,Cigna,90838,AZ,,,
Grow Therapy,Cigna,99204,CO,,,
Grow Therapy,Cigna,99205,CO,,,
Grow Therapy,Cigna,99214,CO,,,
Grow Therapy,Cigna,99215,CO,,,
Grow Therapy,Cigna,90833,CO,,,
Grow Therapy,Cigna,90836,CO,,,
Grow Therapy,Cigna,90838,CO,,,
Grow Therapy,Cigna,99204,DC,,,
Grow Therapy,Cigna,99205,DC,,,
Grow Therapy,Cigna,99214,DC,,,
Grow Therapy,Cigna,99215,DC,,,
Grow Therapy,Cigna,90833,DC,,,
Grow Therapy,Cigna,90836,DC,,,
Grow Therapy,Cigna,90838,DC,,,
Grow Therapy,Cigna,99204,FL,,,
Grow Therapy,Cigna,99205,FL,,,
Grow Therapy,Cigna,99214,FL,,,
Grow Therapy,Cigna,99215,FL,,,
Grow Therapy,Cigna,90833,FL,,,
Grow Therapy,Cigna,90836,FL,,,
Grow Therapy,Cigna,90838,FL,,,
Grow Therapy,Cigna,99204,IA,,,
Grow Therapy,Cigna,99205,IA,,,
Grow Therapy,Cigna,99214,IA,,,
Grow Therapy,Cigna,99215,IA,,,
Grow Therapy,Cigna,90833,IA,,,
Grow Therapy,Cigna,90836,IA,,,
Grow Therapy,Cigna,90838,IA,,,
Grow Therapy,Cigna,99204,MD,,,
Grow Therapy,Cigna,99205,MD,,,
Grow Therapy,Cigna,99214,MD,,,
Grow Therapy,Cigna,99215,MD,,,
Grow Therapy,Cigna,90833,MD,,,
Grow Therapy,Cigna,90836,MD,,,
Grow Therapy,Cigna,90838,MD,,,
Grow Therapy,Cigna,99204,MN,,,
Grow Therapy,Cigna,99205,MN,,,
Grow Therapy,Cigna,99214,MN,,,
Grow Therapy,Cigna,99215,MN,,,
Grow Therapy,Cigna,90833,MN,,,
Grow Therapy,Cigna,90836,MN,,,
Grow Therapy,Cigna,90838,MN,,,
Grow Therapy,Cigna,99204,MT,,,
Grow Therapy,Cigna,99205,MT,,,
Grow Therapy,Cigna,99214,MT,,,
Grow Therapy,Cigna,99215,MT,,,
Grow Therapy,Cigna,90833,MT,,,
Grow Therapy,Cigna,90836,MT,,,
Grow Therapy,Cigna,90838,MT,,,
Grow Therapy,Cigna,99204,OR,,,
Grow Therapy,Cigna,99205,OR,,,
Grow Therapy,Cigna,99214,OR,,,
Grow Therapy,Cigna,99215,OR,,,
Grow Therapy,Cigna,90833,OR,,,
Grow Therapy,Cigna,90836,OR,,,
Grow Therapy,Cigna,90838,OR,,,
Grow Therapy,Cigna,99204,WA,,,
Grow Therapy,Cigna,99205,WA,,,
Grow Therapy,Cigna,99214,WA,,,
Grow Therapy,Cigna,99215,WA,,,
Grow Therapy,Cigna,90833,WA,,,
Grow Therapy,Cigna,90836,WA,,,
Grow Therapy,Cigna,90838,WA,,,
Grow Therapy,BCBS - Florida,99204,FL,,,
Grow Therapy,BCBS - Florida,99205,FL,,,
Grow Therapy,BCBS - Florida,99214,FL,,,
Grow Therapy,BCBS - Florida,99215,FL,,,
Grow Therapy,BCBS - Florida,90833,FL,,,
Grow Therapy,BCBS - Florida,90836,FL,,,
Grow Therapy,BCBS - Florida,90838,FL,,,
